{"stats":{"minecraft:crafted":{"minecraft:smooth_stone":6,"minecraft:oak_planks":472,"minecraft:oak_pressure_plate":2,"minecraft:cooked_chicken":9,"minecraft:stone":6,"minecraft:diamond_shovel":1,"minecraft:bookshelf":39,"minecraft:cooked_mutton":48,"minecraft:deepslate_brick_stairs":1,"minecraft:glass":58,"minecraft:bow":1,"minecraft:diamond_helmet":1,"minecraft:diamond_leggings":1,"minecraft:iron_boots":1,"minecraft:netherite_boots":1,"minecraft:chest":2,"minecraft:netherite_helmet":1,"minecraft:netherite_upgrade_smithing_template":12,"minecraft:glass_bottle":12,"minecraft:golden_boots":2,"minecraft:smoker":1,"minecraft:golden_axe":1,"minecraft:emerald":36,"minecraft:cooked_porkchop":20,"minecraft:diamond_axe":1,"minecraft:crafting_table":4,"minecraft:iron_helmet":1,"minecraft:baked_potato":167,"minecraft:brown_dye":8,"minecraft:smithing_table":1,"minecraft:cartography_table":1,"minecraft:dispenser":1,"minecraft:tnt":6,"minecraft:iron_chestplate":1,"minecraft:paper":6,"minecraft:diamond_pickaxe":3,"minecraft:shield":1,"minecraft:stick":116,"minecraft:iron_ingot":88,"minecraft:iron_pickaxe":1,"minecraft:iron_block":3,"minecraft:gold_ingot":137,"minecraft:netherite_ingot":6,"minecraft:golden_carrot":116,"minecraft:fishing_rod":1,"minecraft:leather_boots":1,"minecraft:diamond_hoe":5,"minecraft:furnace":2,"minecraft:blast_furnace":2,"minecraft:bone_meal":561,"minecraft:netherite_chestplate":1,"minecraft:netherite_leggings":1,"minecraft:iron_axe":1,"minecraft:iron_hoe":5,"minecraft:stone_pickaxe":1,"minecraft:diamond_boots":1,"minecraft:netherite_scrap":25,"minecraft:wheat":117,"minecraft:cooked_beef":24,"minecraft:sugar":3,"minecraft:netherite_pickaxe":1,"minecraft:diamond_sword":2,"minecraft:bucket":2,"minecraft:stone_axe":2,"minecraft:enchanted_book":7,"minecraft:air":0,"minecraft:bread":39,"minecraft:jungle_planks":32,"minecraft:oak_boat":2,"minecraft:white_wool":48,"minecraft:gold_nugget":1258,"minecraft:warped_fungus_on_a_stick":1,"minecraft:fermented_spider_eye":2,"minecraft:iron_shovel":1,"minecraft:iron_leggings":2,"minecraft:anvil":1,"minecraft:white_bed":2,"minecraft:acacia_planks":24,"minecraft:torch":60,"minecraft:diamond_chestplate":2},"minecraft:picked_up":{"minecraft:wheat":10,"minecraft:lead":17,"minecraft:diamond_sword":4,"minecraft:oak_stairs":2,"minecraft:potion":1,"minecraft:enchanted_book":2,"minecraft:nether_brick":5,"minecraft:brewing_stand":1,"minecraft:golden_sword":2,"minecraft:music_disc_cat":1,"minecraft:string":855,"minecraft:soul_soil":40,"minecraft:beetroot":4,"minecraft:activator_rail":6,"minecraft:gold_nugget":501,"minecraft:cobbled_deepslate":629,"minecraft:bucket":3,"minecraft:redstone_torch":1,"minecraft:azalea":4,"minecraft:netherite_upgrade_smithing_template":3,"minecraft:iron_pickaxe":1,"minecraft:furnace":7,"minecraft:stick":125,"minecraft:torch":60,"minecraft:acacia_log":10,"minecraft:porkchop":18,"minecraft:cherry_log":34,"minecraft:pointed_dripstone":4,"minecraft:diorite":22,"minecraft:light_gray_bed":1,"minecraft:rotten_flesh":827,"minecraft:deepslate_brick_stairs":1,"minecraft:obsidian":17,"minecraft:cod":1,"minecraft:snowball":60,"minecraft:cobblestone":576,"minecraft:birch_log":60,"minecraft:enchanting_table":1,"minecraft:jungle_log":8,"minecraft:pink_petals":50,"minecraft:magma_block":204,"minecraft:leather_chestplate":1,"minecraft:feather":12,"minecraft:cooked_beef":13,"minecraft:magma_cream":7,"minecraft:cherry_planks":32,"minecraft:warped_fungus_on_a_stick":1,"minecraft:birch_slab":4,"minecraft:water_bucket":2,"minecraft:andesite":47,"minecraft:golden_leggings":1,"minecraft:powder_snow_bucket":2,"minecraft:smoker":4,"minecraft:potato":340,"minecraft:tuff":36,"minecraft:lapis_lazuli":54,"minecraft:dirt":908,"minecraft:name_tag":2,"minecraft:leather_boots":1,"minecraft:bone":136,"minecraft:bow":5,"minecraft:wheat_seeds":106,"minecraft:raw_gold":34,"minecraft:grindstone":3,"minecraft:glowstone_dust":10,"minecraft:powered_rail":2,"minecraft:honeycomb":3,"minecraft:stone_hoe":1,"minecraft:oak_planks":67,"minecraft:ghast_tear":1,"minecraft:cooked_porkchop":6,"minecraft:oak_pressure_plate":2,"minecraft:poisonous_potato":5,"minecraft:sand":402,"minecraft:jungle_planks":10,"minecraft:grass_block":2,"minecraft:barrel":1,"minecraft:dispenser":5,"minecraft:diamond":178,"minecraft:cracked_polished_blackstone_bricks":1,"minecraft:crossbow":2,"minecraft:granite":2,"minecraft:bone_meal":48,"minecraft:emerald":101,"minecraft:oak_sapling":14,"minecraft:netherrack":3563,"minecraft:dark_oak_fence":3,"minecraft:crimson_roots":1,"minecraft:diamond_pickaxe":6,"minecraft:crafting_table":16,"minecraft:ladder":2,"minecraft:splash_potion":1,"minecraft:nether_wart":31,"minecraft:chicken":10,"minecraft:clay_ball":4,"minecraft:brown_mushroom":11,"minecraft:wooden_pickaxe":2,"minecraft:stripped_cherry_log":1,"minecraft:shield":1,"minecraft:oak_trapdoor":1,"minecraft:red_bed":3,"minecraft:flint_and_steel":3,"minecraft:compass":2,"minecraft:white_carpet":5,"minecraft:blackstone":18,"minecraft:cartography_table":3,"minecraft:beef":57,"minecraft:oak_boat":9,"minecraft:observer":12,"minecraft:jungle_sapling":2,"minecraft:lectern":1,"minecraft:poppy":58,"minecraft:minecart":2,"minecraft:sugar_cane":270,"minecraft:chest":3,"minecraft:birch_sapling":2,"minecraft:piston":11,"minecraft:phantom_membrane":7,"minecraft:egg":4,"minecraft:raw_iron":147,"minecraft:copper_ingot":17,"minecraft:polished_blackstone_bricks":2,"minecraft:carrot":952,"minecraft:redstone":89,"minecraft:netherite_pickaxe":1,"minecraft:iron_horse_armor":1,"minecraft:tnt":2,"minecraft:arrow":151,"minecraft:weeping_vines":2,"minecraft:diamond_chestplate":1,"minecraft:cooked_cod":6,"minecraft:shears":2,"minecraft:deepslate_bricks":14,"minecraft:hay_block":13,"minecraft:gold_ingot":43,"minecraft:saddle":1,"minecraft:glistering_melon_slice":5,"minecraft:glow_berries":3,"minecraft:mutton":16,"minecraft:bone_block":25,"minecraft:rail":71,"minecraft:white_wool":14,"minecraft:glow_ink_sac":12,"minecraft:leather":58,"minecraft:birch_planks":20,"minecraft:crimson_fungus":1,"minecraft:oak_log":295,"minecraft:lily_pad":7,"minecraft:ancient_debris":29,"minecraft:golden_boots":1,"minecraft:yellow_bed":5,"minecraft:gunpowder":75,"minecraft:paper":10,"minecraft:cooked_mutton":32,"minecraft:red_carpet":2,"minecraft:coast_armor_trim_smithing_template":2,"minecraft:apple":2,"minecraft:wild_armor_trim_smithing_template":2,"minecraft:iron_ingot":26,"minecraft:stone_pickaxe":2,"minecraft:cooked_chicken":3,"minecraft:flowering_azalea":3,"minecraft:soul_sand":39,"minecraft:book":379,"minecraft:oak_slab":1,"minecraft:smooth_basalt":2,"minecraft:warped_fungus":5,"minecraft:birch_boat":1,"minecraft:quartz":534,"minecraft:dandelion":70,"minecraft:dripstone_block":8,"minecraft:gravel":14,"minecraft:spruce_sapling":6,"minecraft:blast_furnace":1,"minecraft:white_bed":11,"minecraft:spider_eye":47,"minecraft:slime_ball":2,"minecraft:iron_helmet":2,"minecraft:diamond_axe":1,"minecraft:cherry_sapling":16,"minecraft:warped_roots":1,"minecraft:coal":263,"minecraft:hopper":1,"minecraft:ender_pearl":2},"minecraft:custom":{"minecraft:animals_bred":1,"minecraft:interact_with_crafting_table":133,"minecraft:open_barrel":52,"minecraft:leave_game":30,"minecraft:time_since_death":993242,"minecraft:sprint_one_cm":2178530,"minecraft:damage_blocked_by_shield":1351,"minecraft:drop":1083,"minecraft:talked_to_villager":123,"minecraft:play_time":1169197,"minecraft:deaths":2,"minecraft:jump":25399,"minecraft:interact_with_brewingstand":33,"minecraft:walk_on_water_one_cm":76529,"minecraft:enchant_item":25,"minecraft:interact_with_furnace":112,"minecraft:traded_with_villager":43,"minecraft:interact_with_cartography_table":4,"minecraft:sleep_in_bed":44,"minecraft:damage_dealt":65382,"minecraft:player_kills":2,"minecraft:crouch_one_cm":536659,"minecraft:interact_with_smithing_table":19,"minecraft:inspect_dispenser":3,"minecraft:interact_with_smoker":87,"minecraft:interact_with_anvil":16,"minecraft:mob_kills":750,"minecraft:inspect_hopper":11,"minecraft:climb_one_cm":33494,"minecraft:walk_one_cm":3483467,"minecraft:strider_one_cm":3760,"minecraft:sneak_time":122148,"minecraft:walk_under_water_one_cm":70385,"minecraft:boat_one_cm":600826,"minecraft:interact_with_blast_furnace":36,"minecraft:total_world_time":1169197,"minecraft:interact_with_stonecutter":3,"minecraft:interact_with_grindstone":16,"minecraft:time_since_rest":90147,"minecraft:damage_taken":12483,"minecraft:minecart_one_cm":1647,"minecraft:swim_one_cm":182410,"minecraft:fly_one_cm":5633292,"minecraft:open_chest":654,"minecraft:fall_one_cm":627452},"minecraft:mined":{"minecraft:white_bed":8,"minecraft:cherry_log":34,"minecraft:sculk_vein":313,"minecraft:brewing_stand":1,"minecraft:obsidian":17,"minecraft:cave_vines_plant":2,"minecraft:red_sand":1,"minecraft:acacia_log":10,"minecraft:grass_block":601,"minecraft:jungle_log":8,"minecraft:cracked_polished_blackstone_bricks":1,"minecraft:oak_pressure_plate":2,"minecraft:deepslate_bricks":11,"minecraft:soul_soil":59,"minecraft:crimson_fungus":1,"minecraft:hopper":1,"minecraft:nether_wart":12,"minecraft:spawner":2,"minecraft:polished_blackstone_bricks":2,"minecraft:magma_block":543,"minecraft:sculk_catalyst":17,"minecraft:iron_ore":55,"minecraft:barrel":1,"minecraft:fire":77,"minecraft:cobbled_deepslate":4,"minecraft:sculk_shrieker":16,"minecraft:dirt_path":2,"minecraft:oak_stairs":3,"minecraft:deepslate_brick_stairs":1,"minecraft:deepslate_redstone_ore":14,"minecraft:spruce_slab":1,"minecraft:tripwire":1,"minecraft:brown_mushroom":6,"minecraft:red_bed":3,"minecraft:blackstone":86,"minecraft:crimson_nylium":6,"minecraft:smoker":4,"minecraft:soul_fire":39,"minecraft:powder_snow":23,"minecraft:clay":1,"minecraft:torch":4,"minecraft:blast_furnace":1,"minecraft:poppy":1,"minecraft:chest":3,"minecraft:dead_bush":18,"minecraft:nether_quartz_ore":548,"minecraft:cobblestone":50,"minecraft:oak_planks":27,"minecraft:grindstone":3,"minecraft:sugar_cane":9,"minecraft:wall_torch":4,"minecraft:pink_petals":23,"minecraft:warped_nylium":5,"minecraft:birch_log":61,"minecraft:lilac":2,"minecraft:warped_fungus":4,"minecraft:oak_log":244,"minecraft:sand":479,"minecraft:dirt":219,"minecraft:dispenser":5,"minecraft:smooth_basalt":2,"minecraft:tripwire_hook":1,"minecraft:ancient_debris":29,"minecraft:netherrack":18084,"minecraft:piston":13,"minecraft:oak_leaves":64,"minecraft:deepslate":579,"minecraft:nether_gold_ore":141,"minecraft:red_carpet":2,"minecraft:tuff":34,"minecraft:deepslate_diamond_ore":129,"minecraft:stripped_cherry_log":1,"minecraft:dark_oak_fence":2,"minecraft:jungle_planks":1,"minecraft:redstone_wire":2,"minecraft:birch_slab":1,"minecraft:spruce_leaves":11,"minecraft:cartography_table":2,"minecraft:hay_block":13,"minecraft:furnace":3,"minecraft:carrots":283,"minecraft:andesite":46,"minecraft:bookshelf":99,"minecraft:potatoes":124,"minecraft:deepslate_iron_ore":58,"minecraft:vine":2,"minecraft:rail":8,"minecraft:stone":441,"minecraft:bone_block":25,"minecraft:acacia_leaves":1,"minecraft:soul_sand":56,"minecraft:snow_block":29,"minecraft:basalt":17,"minecraft:observer":14,"minecraft:dandelion":1,"minecraft:crafting_table":15,"minecraft:short_grass":116,"minecraft:emerald_ore":4,"minecraft:sculk_sensor":102,"minecraft:tall_grass":20,"minecraft:deepslate_gold_ore":35,"minecraft:sculk":4190,"minecraft:diorite":19,"minecraft:birch_planks":10,"minecraft:redstone_torch":1,"minecraft:birch_leaves":12,"minecraft:white_carpet":4,"minecraft:spruce_log":5,"minecraft:yellow_bed":6,"minecraft:coal_ore":174,"minecraft:cherry_leaves":6,"minecraft:gravel":3,"minecraft:dripstone_block":9,"minecraft:cobweb":18,"minecraft:fern":1},"minecraft:broken":{"minecraft:stone_pickaxe":1,"minecraft:golden_sword":1,"minecraft:stone_axe":1,"minecraft:iron_hoe":4,"minecraft:diamond_hoe":1,"minecraft:flint_and_steel":1},"minecraft:dropped":{"minecraft:soul_sand":39,"minecraft:birch_planks":3,"minecraft:brown_mushroom":9,"minecraft:porkchop":11,"minecraft:diamond_axe":1,"minecraft:lapis_lazuli":95,"minecraft:warped_fungus":4,"minecraft:oak_log":1,"minecraft:diamond":79,"minecraft:crafting_table":1,"minecraft:cooked_porkchop":10,"minecraft:warped_fungus_on_a_stick":1,"minecraft:leather":4,"minecraft:honeycomb":3,"minecraft:jungle_planks":2,"minecraft:iron_horse_armor":1,"minecraft:saddle":1,"minecraft:rail":65,"minecraft:birch_slab":3,"minecraft:emerald":26,"minecraft:cracked_polished_blackstone_bricks":1,"minecraft:dirt":129,"minecraft:netherite_scrap":1,"minecraft:mutton":1,"minecraft:cooked_cod":6,"minecraft:snowball":14,"minecraft:sand":57,"minecraft:polished_blackstone_bricks":2,"minecraft:iron_pickaxe":1,"minecraft:white_wool":48,"minecraft:bone":1,"minecraft:gold_ingot":35,"minecraft:gravel":10,"minecraft:crimson_fungus":1,"minecraft:stone_axe":1,"minecraft:sugar_cane":17,"minecraft:cooked_chicken":4,"minecraft:cobbled_deepslate":197,"minecraft:obsidian":5,"minecraft:pointed_dripstone":4,"minecraft:rotten_flesh":82,"minecraft:oak_planks":204,"minecraft:glowstone_dust":8,"minecraft:cooked_mutton":20,"minecraft:white_bed":1,"minecraft:carrot":506,"minecraft:poppy":46,"minecraft:leather_chestplate":1,"minecraft:gunpowder":1,"minecraft:leather_boots":1,"minecraft:azalea":4,"minecraft:arrow":29,"minecraft:powered_rail":2,"minecraft:beef":15,"minecraft:lectern":1,"minecraft:quartz":65,"minecraft:netherrack":1286,"minecraft:egg":1,"minecraft:water_bucket":1,"minecraft:stone_hoe":1,"minecraft:golden_boots":2,"minecraft:iron_ingot":7,"minecraft:oak_slab":1,"minecraft:netherite_pickaxe":1,"minecraft:wheat_seeds":62,"minecraft:cherry_log":34,"minecraft:minecart":1,"minecraft:dripstone_block":8,"minecraft:poisonous_potato":1,"minecraft:iron_helmet":1,"minecraft:golden_axe":1,"minecraft:feather":9,"minecraft:cobblestone":72,"minecraft:lead":3,"minecraft:granite":2,"minecraft:activator_rail":6,"minecraft:copper_ingot":1,"minecraft:grass_block":1,"minecraft:coal":15,"minecraft:stick":118,"minecraft:milk_bucket":1,"minecraft:diorite":3,"minecraft:golden_carrot":58,"minecraft:brewing_stand":1,"minecraft:potion":1,"minecraft:iron_leggings":1,"minecraft:flowering_azalea":3,"minecraft:paper":10,"minecraft:string":7,"minecraft:pink_petals":1,"minecraft:lily_pad":7,"minecraft:bucket":3,"minecraft:music_disc_cat":1,"minecraft:spruce_sapling":2,"minecraft:dandelion":60,"minecraft:soul_soil":28,"minecraft:oak_trapdoor":1,"minecraft:tuff":23,"minecraft:diamond_hoe":2,"minecraft:raw_iron":9,"minecraft:clay_ball":4,"minecraft:name_tag":1,"minecraft:shears":1,"minecraft:deepslate_bricks":1,"minecraft:filled_map":2,"minecraft:diamond_sword":5,"minecraft:potato":34,"minecraft:diamond_chestplate":1,"minecraft:diamond_pickaxe":6,"minecraft:andesite":47,"minecraft:golden_leggings":1,"minecraft:oak_sapling":7,"minecraft:redstone_torch":1,"minecraft:spider_eye":19,"minecraft:stripped_cherry_log":1,"minecraft:bow":1,"minecraft:wooden_pickaxe":2,"minecraft:magma_block":149},"minecraft:killed":{"minecraft:cave_spider":5,"minecraft:zombified_piglin":1,"minecraft:witch":1,"minecraft:spider":24,"minecraft:skeleton":69,"minecraft:chicken":7,"minecraft:piglin_brute":1,"minecraft:magma_cube":12,"minecraft:piglin":15,"minecraft:pig":7,"minecraft:zombie_villager":3,"minecraft:iron_golem":8,"minecraft:strider":1,"minecraft:creeper":24,"minecraft:sheep":2,"minecraft:trader_llama":6,"minecraft:pillager":5,"minecraft:zombie":373,"minecraft:ghast":4,"minecraft:cow":26,"minecraft:armadillo":1,"minecraft:phantom":7,"minecraft:drowned":120,"minecraft:wandering_trader":3,"minecraft:frog":5,"minecraft:hoglin":2,"minecraft:villager":1,"minecraft:enderman":4},"minecraft:killed_by":{"minecraft:zombie":1,"minecraft:player":1},"minecraft:used":{"minecraft:cherry_sapling":16,"minecraft:ladder":2,"minecraft:dispenser":5,"minecraft:iron_shovel":49,"minecraft:poppy":5,"minecraft:diamond_hoe":3611,"minecraft:chest":5,"minecraft:shield":27,"minecraft:nether_wart":12,"minecraft:jungle_planks":17,"minecraft:carrot":282,"minecraft:tuff":5,"minecraft:snowball":10,"minecraft:obsidian":10,"minecraft:jungle_sapling":2,"minecraft:iron_helmet":3,"minecraft:crimson_roots":1,"minecraft:golden_sword":40,"minecraft:magma_block":1,"minecraft:bow":52,"minecraft:oak_sapling":1,"minecraft:furnace":4,"minecraft:oak_planks":34,"minecraft:egg":4,"minecraft:potato":142,"minecraft:diorite":19,"minecraft:golden_boots":1,"minecraft:warped_fungus_on_a_stick":3,"minecraft:stone_pickaxe":177,"minecraft:wooden_pickaxe":19,"minecraft:leather_chestplate":1,"minecraft:sugar_cane":6,"minecraft:diamond_axe":547,"minecraft:glow_berries":3,"minecraft:sand":24,"minecraft:blast_furnace":3,"minecraft:shears":1,"minecraft:deepslate_brick_stairs":11,"minecraft:birch_slab":1,"minecraft:bread":41,"minecraft:oak_pressure_plate":2,"minecraft:gravel":4,"minecraft:diamond_sword":811,"minecraft:dark_oak_fence":3,"minecraft:grindstone":3,"minecraft:smithing_table":1,"minecraft:oak_boat":10,"minecraft:bone_meal":424,"minecraft:experience_bottle":1,"minecraft:enchanting_table":1,"minecraft:flint_and_steel":63,"minecraft:redstone":2,"minecraft:cooked_chicken":8,"minecraft:netherrack":282,"minecraft:torch":120,"minecraft:dirt":714,"minecraft:anvil":1,"minecraft:white_carpet":5,"minecraft:iron_hoe":1041,"minecraft:bookshelf":39,"minecraft:iron_axe":34,"minecraft:barrel":1,"minecraft:smooth_basalt":2,"minecraft:golden_carrot":39,"minecraft:soul_soil":12,"minecraft:light_gray_bed":1,"minecraft:netherite_pickaxe":14109,"minecraft:minecart":1,"minecraft:cooked_beef":13,"minecraft:cobbled_deepslate":169,"minecraft:powder_snow_bucket":45,"minecraft:golden_axe":8,"minecraft:wheat_seeds":21,"minecraft:cooked_mutton":46,"minecraft:water_bucket":63,"minecraft:glass_bottle":12,"minecraft:baked_potato":150,"minecraft:cartography_table":2,"minecraft:brown_mushroom":2,"minecraft:birch_boat":1,"minecraft:glow_ink_sac":1,"minecraft:deepslate_bricks":3,"minecraft:rail":6,"minecraft:red_bed":2,"minecraft:tnt":2,"minecraft:crafting_table":18,"minecraft:spider_eye":1,"minecraft:white_bed":9,"minecraft:cod":1,"minecraft:smoker":5,"minecraft:diamond_pickaxe":6922,"minecraft:diamond_shovel":1310,"minecraft:iron_pickaxe":21,"minecraft:stone_axe":166,"minecraft:pink_petals":49,"minecraft:cobblestone":144,"minecraft:potion":1,"minecraft:cooked_porkchop":13,"minecraft:bucket":108,"minecraft:yellow_bed":5,"minecraft:dandelion":1,"minecraft:splash_potion":5}},"DataVersion":3839}