{"stats":{"minecraft:killed_by":{"minecraft:zombie":1,"minecraft:piglin":1,"minecraft:enderman":2,"minecraft:skeleton":1,"minecraft:phantom":1},"minecraft:broken":{"minecraft:diamond_helmet":1,"minecraft:iron_sword":2,"minecraft:iron_shovel":1,"minecraft:stone_axe":1},"minecraft:custom":{"minecraft:interact_with_crafting_table":295,"minecraft:open_barrel":153,"minecraft:bell_ring":94,"minecraft:eat_cake_slice":9,"minecraft:leave_game":142,"minecraft:time_since_death":154505,"minecraft:damage_blocked_by_shield":552,"minecraft:play_time":6350259,"minecraft:deaths":7,"minecraft:jump":129122,"minecraft:enchant_item":93,"minecraft:interact_with_furnace":119,"minecraft:traded_with_villager":1718,"minecraft:interact_with_cartography_table":3,"minecraft:sleep_in_bed":43,"minecraft:damage_dealt":299796,"minecraft:interact_with_smoker":94,"minecraft:interact_with_smithing_table":26,"minecraft:horse_one_cm":691125,"minecraft:interact_with_anvil":49,"minecraft:inspect_hopper":20,"minecraft:target_hit":59,"minecraft:sneak_time":340520,"minecraft:interact_with_blast_furnace":28,"minecraft:total_world_time":6350259,"minecraft:interact_with_stonecutter":8,"minecraft:time_since_rest":154611,"minecraft:swim_one_cm":3405575,"minecraft:fly_one_cm":37179827,"minecraft:open_chest":2935,"minecraft:fall_one_cm":3281654,"minecraft:animals_bred":9,"minecraft:open_shulker_box":6,"minecraft:sprint_one_cm":14322979,"minecraft:drop":2355,"minecraft:talked_to_villager":4720,"minecraft:interact_with_brewingstand":1,"minecraft:walk_on_water_one_cm":617686,"minecraft:interact_with_loom":21,"minecraft:open_enderchest":99,"minecraft:interact_with_beacon":47,"minecraft:player_kills":6,"minecraft:crouch_one_cm":1211543,"minecraft:mob_kills":5144,"minecraft:climb_one_cm":652881,"minecraft:walk_one_cm":13230533,"minecraft:raid_win":25,"minecraft:walk_under_water_one_cm":2088476,"minecraft:boat_one_cm":959518,"minecraft:raid_trigger":68,"minecraft:interact_with_grindstone":81,"minecraft:damage_taken":51946,"minecraft:damage_absorbed":314,"minecraft:minecart_one_cm":659,"minecraft:aviate_one_cm":4865999},"minecraft:mined":{"minecraft:dragon_wall_head":1,"minecraft:white_bed":48,"minecraft:pink_bed":5,"minecraft:cherry_log":120,"minecraft:jungle_leaves":3,"minecraft:obsidian":79,"minecraft:granite":71,"minecraft:acacia_log":18,"minecraft:oak_pressure_plate":2,"minecraft:deepslate_bricks":36,"minecraft:hopper":1,"minecraft:crimson_fungus":3,"minecraft:oak_wall_sign":12,"minecraft:nether_wart":63,"minecraft:spawner":1,"minecraft:chorus_flower":1,"minecraft:polished_blackstone_bricks":21,"minecraft:tall_seagrass":9,"minecraft:magma_block":17,"minecraft:dark_oak_trapdoor":1,"minecraft:sticky_piston":17,"minecraft:cobbled_deepslate":118,"minecraft:barrel":14,"minecraft:fire":98,"minecraft:pumpkin":5,"minecraft:deepslate_lapis_ore":11,"minecraft:fletching_table":3,"minecraft:cave_vines":11,"minecraft:water_cauldron":1,"minecraft:dirt_path":133,"minecraft:oak_stairs":267,"minecraft:white_banner":11,"minecraft:iron_block":347,"minecraft:tripwire":26,"minecraft:piston_head":1,"minecraft:red_bed":5,"minecraft:kelp_plant":98,"minecraft:crimson_nylium":4,"minecraft:smoker":1,"minecraft:soul_fire":55,"minecraft:powder_snow":206,"minecraft:torch":176,"minecraft:blast_furnace":3,"minecraft:white_stained_glass_pane":14,"minecraft:glass":106,"minecraft:sugar_cane":33,"minecraft:cherry_slab":67,"minecraft:white_terracotta":64,"minecraft:cherry_fence":4,"minecraft:wheat":89,"minecraft:lilac":1,"minecraft:loom":11,"minecraft:stonecutter":1,"minecraft:piston":23,"minecraft:deepslate":852,"minecraft:suspicious_gravel":2,"minecraft:purple_glazed_terracotta":4,"minecraft:dark_prismarine":12,"minecraft:mossy_cobblestone":3,"minecraft:cherry_sapling":1,"minecraft:dark_oak_log":7,"minecraft:sea_lantern":3,"minecraft:shulker_box":3,"minecraft:cobbled_deepslate_slab":15,"minecraft:nether_bricks":38,"minecraft:dark_oak_fence":19,"minecraft:spruce_fence":1,"minecraft:crimson_roots":3,"minecraft:redstone_wire":55,"minecraft:kelp":47,"minecraft:red_mushroom":2,"minecraft:cartography_table":3,"minecraft:moss_block":4,"minecraft:snow":143,"minecraft:andesite":28,"minecraft:potatoes":147,"minecraft:vine":6,"minecraft:rail":233,"minecraft:cobblestone_slab":114,"minecraft:bamboo":13,"minecraft:white_wool":10,"minecraft:ender_chest":13,"minecraft:oak_slab":11,"minecraft:glass_pane":11,"minecraft:cherry_planks":360,"minecraft:comparator":3,"minecraft:soul_sand":177,"minecraft:stone_brick_slab":3,"minecraft:dandelion":23,"minecraft:cornflower":6,"minecraft:short_grass":273,"minecraft:emerald_ore":1,"minecraft:campfire":1,"minecraft:copper_ore":4,"minecraft:tall_grass":51,"minecraft:purpur_pillar":1,"minecraft:deepslate_gold_ore":43,"minecraft:diorite":64,"minecraft:warped_wart_block":1,"minecraft:purple_bed":3,"minecraft:red_terracotta":2,"minecraft:cobblestone_wall":5,"minecraft:torchflower":1,"minecraft:white_carpet":23,"minecraft:spruce_log":162,"minecraft:birch_leaves":22,"minecraft:gravel":239,"minecraft:cobweb":1,"minecraft:acacia_planks":15,"minecraft:birch_sign":1,"minecraft:stone_bricks":79,"minecraft:chipped_anvil":2,"minecraft:fern":2,"minecraft:spruce_planks":52,"minecraft:farmland":1,"minecraft:sculk_vein":2,"minecraft:cobblestone_stairs":27,"minecraft:brewing_stand":3,"minecraft:cherry_trapdoor":6,"minecraft:spruce_trapdoor":6,"minecraft:cave_vines_plant":21,"minecraft:lime_banner":11,"minecraft:grass_block":2707,"minecraft:cracked_polished_blackstone_bricks":17,"minecraft:soul_soil":74,"minecraft:composter":4,"minecraft:glowstone":110,"minecraft:iron_ore":82,"minecraft:target":2,"minecraft:anvil":3,"minecraft:azure_bluet":1,"minecraft:flowering_azalea_leaves":5,"minecraft:iron_bars":11,"minecraft:birch_wall_sign":1,"minecraft:azalea_leaves":20,"minecraft:azalea":1,"minecraft:end_stone_bricks":8,"minecraft:green_bed":6,"minecraft:spruce_slab":22,"minecraft:deepslate_redstone_ore":16,"minecraft:quartz_block":29,"minecraft:blackstone":94,"minecraft:clay":1,"minecraft:poppy":79,"minecraft:beacon":1,"minecraft:chest":23,"minecraft:nether_quartz_ore":388,"minecraft:cobblestone":1063,"minecraft:prismarine":5,"minecraft:grindstone":3,"minecraft:oak_planks":342,"minecraft:wall_torch":62,"minecraft:cauldron":1,"minecraft:pink_petals":11,"minecraft:seagrass":2,"minecraft:powered_rail":3,"minecraft:dark_oak_door":2,"minecraft:nether_wart_block":8,"minecraft:birch_log":6,"minecraft:birch_trapdoor":5,"minecraft:activator_rail":3,"minecraft:stripped_oak_wood":1,"minecraft:tnt":1,"minecraft:purpur_block":25,"minecraft:smooth_stone_slab":16,"minecraft:yellow_stained_glass_pane":15,"minecraft:oak_log":345,"minecraft:beetroots":45,"minecraft:sand":647,"minecraft:dirt":9631,"minecraft:crimson_planks":1,"minecraft:tripwire_hook":6,"minecraft:netherrack":8203,"minecraft:ancient_debris":34,"minecraft:oak_leaves":307,"minecraft:emerald_block":105,"minecraft:nether_gold_ore":28,"minecraft:diamond_ore":4,"minecraft:tuff":76,"minecraft:red_carpet":23,"minecraft:deepslate_diamond_ore":89,"minecraft:oak_door":5,"minecraft:stripped_cherry_log":12,"minecraft:ladder":133,"minecraft:chiseled_bookshelf":1,"minecraft:weeping_vines":1,"minecraft:birch_slab":7,"minecraft:spruce_leaves":55,"minecraft:rooted_dirt":5,"minecraft:crimson_stem":6,"minecraft:large_fern":2,"minecraft:hay_block":119,"minecraft:spore_blossom":1,"minecraft:deepslate_brick_slab":3,"minecraft:oak_trapdoor":9,"minecraft:furnace":2,"minecraft:carrots":108,"minecraft:gold_block":15,"minecraft:nether_brick_fence":4,"minecraft:lime_wall_banner":4,"minecraft:shroomlight":7,"minecraft:deepslate_iron_ore":30,"minecraft:lantern":6,"minecraft:wet_sponge":20,"minecraft:chorus_plant":1,"minecraft:stone":5727,"minecraft:birch_pressure_plate":1,"minecraft:redstone_wall_torch":14,"minecraft:scaffolding":6,"minecraft:acacia_leaves":68,"minecraft:flowering_azalea":3,"minecraft:snow_block":494,"minecraft:basalt":41,"minecraft:spruce_door":14,"minecraft:oak_fence":22,"minecraft:crafting_table":34,"minecraft:rose_bush":2,"minecraft:lectern":2057,"minecraft:lapis_ore":8,"minecraft:polished_blackstone_brick_stairs":1,"minecraft:sculk":6,"minecraft:blue_bed":5,"minecraft:prismarine_bricks":5,"minecraft:birch_planks":32,"minecraft:cactus":5,"minecraft:lime_bed":4,"minecraft:redstone_torch":9,"minecraft:ice":1,"minecraft:white_wall_banner":1,"minecraft:bee_nest":1,"minecraft:yellow_bed":6,"minecraft:coal_ore":54,"minecraft:cocoa":2,"minecraft:cherry_leaves":156,"minecraft:end_rod":33,"minecraft:birch_fence":7},"minecraft:crafted":{"minecraft:ender_chest":4,"minecraft:black_dye":3,"minecraft:oak_sign":9,"minecraft:cactus":8,"minecraft:blaze_powder":8,"minecraft:oak_pressure_plate":1,"minecraft:birch_boat":3,"minecraft:birch_slab":6,"minecraft:loom":1,"minecraft:diamond_shovel":1,"minecraft:lever":1,"minecraft:bookshelf":15,"minecraft:cooked_mutton":28,"minecraft:shulker_box":7,"minecraft:quartz_block":169,"minecraft:glass":15,"minecraft:diamond_helmet":2,"minecraft:diamond_leggings":2,"minecraft:netherite_boots":2,"minecraft:beacon":2,"minecraft:target":1,"minecraft:emerald":954,"minecraft:cooked_porkchop":19,"minecraft:diamond_axe":2,"minecraft:lime_banner":3,"minecraft:smithing_table":1,"minecraft:copper_ingot":36,"minecraft:sticky_piston":2,"minecraft:red_mushroom":12,"minecraft:hay_block":2,"minecraft:cartography_table":1,"minecraft:tropical_fish_bucket":4,"minecraft:lectern":10,"minecraft:stone_slab":6,"minecraft:iron_pickaxe":3,"minecraft:iron_block":959,"minecraft:gold_ingot":128,"minecraft:netherite_ingot":9,"minecraft:golden_carrot":1539,"minecraft:prismarine":9,"minecraft:bone_meal":276,"minecraft:spruce_fence":3,"minecraft:pink_dye":3,"minecraft:white_carpet":51,"minecraft:cherry_trapdoor":8,"minecraft:netherite_axe":1,"minecraft:diamond":9,"minecraft:spruce_slab":12,"minecraft:stone_pickaxe":1,"minecraft:diamond_boots":2,"minecraft:spruce_boat":1,"minecraft:dark_oak_planks":52,"minecraft:wheat":288,"minecraft:firework_star":448,"minecraft:crossbow":1,"minecraft:netherite_pickaxe":2,"minecraft:enchanting_table":1,"minecraft:red_carpet":29,"minecraft:glowstone":111,"minecraft:enchanted_book":37,"minecraft:golden_apple":8,"minecraft:birch_trapdoor":32,"minecraft:iron_leggings":2,"minecraft:white_bed":4,"minecraft:lime_wool":18,"minecraft:grindstone":1,"minecraft:oak_planks":876,"minecraft:cobblestone_slab":6,"minecraft:barrel":2,"minecraft:dark_oak_boat":1,"minecraft:cherry_slab":60,"minecraft:stone":16,"minecraft:snow":78,"minecraft:suspicious_stew":23,"minecraft:green_dye":11,"minecraft:cake":18,"minecraft:dark_oak_door":3,"minecraft:bow":2,"minecraft:iron_boots":2,"minecraft:chest":27,"minecraft:netherite_helmet":2,"minecraft:netherite_upgrade_smithing_template":10,"minecraft:rail":64,"minecraft:birch_button":4,"minecraft:stone_hoe":1,"minecraft:ender_eye":4,"minecraft:golden_boots":1,"minecraft:sea_lantern":2,"minecraft:white_banner":1,"minecraft:oak_slab":24,"minecraft:arrow":112,"minecraft:crafting_table":11,"minecraft:map":10,"minecraft:iron_helmet":2,"minecraft:wooden_pickaxe":1,"minecraft:baked_potato":159,"minecraft:birch_pressure_plate":3,"minecraft:birch_planks":104,"minecraft:pumpkin_seeds":20,"minecraft:creeper_banner_pattern":2,"minecraft:apple":448,"minecraft:book":10,"minecraft:iron_chestplate":2,"minecraft:paper":912,"minecraft:diamond_pickaxe":3,"minecraft:emerald_block":70,"minecraft:shield":1,"minecraft:stick":1306,"minecraft:iron_ingot":149,"minecraft:snow_block":174,"minecraft:redstone_torch":9,"minecraft:shears":15,"minecraft:cherry_planks":184,"minecraft:cobbled_deepslate_slab":24,"minecraft:cookie":954,"minecraft:tripwire_hook":8,"minecraft:netherite_sword":1,"minecraft:furnace":2,"minecraft:piston":2,"minecraft:glass_pane":224,"minecraft:oak_trapdoor":4,"minecraft:flint_and_steel":3,"minecraft:netherite_chestplate":2,"minecraft:netherite_leggings":2,"minecraft:iron_hoe":3,"minecraft:lime_dye":24,"minecraft:netherite_scrap":37,"minecraft:orange_banner":6,"minecraft:minecart":3,"minecraft:cooked_beef":7,"minecraft:sugar":64,"minecraft:red_dye":85,"minecraft:crimson_planks":24,"minecraft:diamond_sword":1,"minecraft:iron_trapdoor":3,"minecraft:activator_rail":6,"minecraft:iron_sword":1,"minecraft:cooked_salmon":14,"minecraft:bucket":25,"minecraft:stone_axe":1,"minecraft:air":0,"minecraft:acacia_boat":2,"minecraft:bread":553,"minecraft:oak_boat":1,"minecraft:white_wool":38,"minecraft:white_dye":5,"minecraft:netherite_shovel":1,"minecraft:pumpkin_pie":384,"minecraft:acacia_planks":48,"minecraft:torch":8,"minecraft:clay":3,"minecraft:diamond_chestplate":1,"minecraft:firework_rocket":384},"minecraft:picked_up":{"minecraft:creeper_head":2,"minecraft:anvil":3,"minecraft:prismarine_shard":93,"minecraft:lead":52,"minecraft:diamond_sword":2,"minecraft:oak_stairs":107,"minecraft:enchanted_book":7,"minecraft:birch_button":4,"minecraft:brewing_stand":2,"minecraft:golden_sword":5,"minecraft:polished_blackstone_brick_stairs":1,"minecraft:string":21680,"minecraft:dark_oak_trapdoor":1,"minecraft:soul_soil":19,"minecraft:cooked_salmon":1,"minecraft:shroomlight":7,"minecraft:beetroot":82,"minecraft:cherry_boat":5,"minecraft:diamond_leggings":1,"minecraft:gold_nugget":131,"minecraft:cobbled_deepslate":994,"minecraft:spruce_planks":53,"minecraft:netherite_upgrade_smithing_template":1,"minecraft:azalea_leaves":9,"minecraft:dark_oak_door":2,"minecraft:music_disc_blocks":1,"minecraft:composter":4,"minecraft:purpur_pillar":1,"minecraft:green_bed":5,"minecraft:acacia_log":18,"minecraft:cherry_log":119,"minecraft:cauldron":1,"minecraft:black_dye":3,"minecraft:stone_sword":2,"minecraft:tropical_fish":2,"minecraft:armadillo_scute":5,"minecraft:iron_block":420,"minecraft:glowstone":24,"minecraft:end_rod":33,"minecraft:white_terracotta":64,"minecraft:netherite_chestplate":5,"minecraft:blaze_rod":42,"minecraft:iron_bars":9,"minecraft:snowball":743,"minecraft:birch_log":3,"minecraft:magma_block":66,"minecraft:water_bucket":8,"minecraft:birch_slab":4,"minecraft:feather":19,"minecraft:cooked_beef":53,"minecraft:cherry_leaves":60,"minecraft:brown_wool":3,"minecraft:acacia_leaves":44,"minecraft:dark_oak_boat":13,"minecraft:smoker":16,"minecraft:flint":42,"minecraft:cherry_fence":4,"minecraft:netherite_leggings":4,"minecraft:map":4,"minecraft:lantern":9,"minecraft:chipped_anvil":2,"minecraft:stonecutter":1,"minecraft:glowstone_dust":419,"minecraft:moss_block":3,"minecraft:honeycomb":3,"minecraft:warped_wart_block":2,"minecraft:ink_sac":35,"minecraft:loom":13,"minecraft:dark_oak_log":7,"minecraft:red_terracotta":2,"minecraft:barrel":14,"minecraft:lever":2,"minecraft:writable_book":6,"minecraft:granite":105,"minecraft:bread":94,"minecraft:rooted_dirt":2,"minecraft:cherry_slab":78,"minecraft:dark_oak_fence":4,"minecraft:crimson_roots":5,"minecraft:diamond_pickaxe":4,"minecraft:crafting_table":18,"minecraft:nether_wart":178,"minecraft:clay_ball":12,"minecraft:leather_leggings":1,"minecraft:orange_banner":6,"minecraft:stripped_cherry_log":12,"minecraft:dragon_head":1,"minecraft:purpur_block":25,"minecraft:cornflower":2,"minecraft:red_bed":4,"minecraft:elytra":1,"minecraft:flint_and_steel":2,"minecraft:white_carpet":39,"minecraft:iron_shovel":4,"minecraft:cartography_table":3,"minecraft:netherite_sword":5,"minecraft:beef":7,"minecraft:poppy":233,"minecraft:spruce_slab":26,"minecraft:minecart":23,"minecraft:chest":23,"minecraft:birch_sapling":9,"minecraft:piston":30,"minecraft:egg":17,"minecraft:stone":1841,"minecraft:oak_door":2,"minecraft:spruce_fence":7,"minecraft:fire_charge":1,"minecraft:white_dye":10,"minecraft:carrot":427,"minecraft:redstone":362,"minecraft:netherite_pickaxe":5,"minecraft:prismarine_crystals":67,"minecraft:tnt":11,"minecraft:diamond_chestplate":1,"minecraft:cooked_cod":21,"minecraft:beetroot_seeds":113,"minecraft:shears":6,"minecraft:deepslate_bricks":35,"minecraft:diamond_boots":2,"minecraft:hay_block":281,"minecraft:sandstone_stairs":1,"minecraft:gold_ingot":25,"minecraft:totem_of_undying":87,"minecraft:glow_berries":14,"minecraft:mutton":30,"minecraft:white_wool":185,"minecraft:bone_block":5,"minecraft:rail":381,"minecraft:lapis_ore":16,"minecraft:lime_bed":4,"minecraft:tripwire_hook":18,"minecraft:red_mushroom":6,"minecraft:filled_map":10,"minecraft:torchflower":1,"minecraft:oak_log":218,"minecraft:ancient_debris":33,"minecraft:golden_boots":1,"minecraft:blue_bed":5,"minecraft:paper":82,"minecraft:white_banner":283,"minecraft:birch_pressure_plate":5,"minecraft:apple":67,"minecraft:stone_bricks":657,"minecraft:kelp":247,"minecraft:spore_blossom":1,"minecraft:stone_pickaxe":3,"minecraft:iron_ore":20,"minecraft:glass_bottle":89,"minecraft:flowering_azalea":3,"minecraft:milk_bucket":3,"minecraft:spyglass":1,"minecraft:torchflower_seeds":1,"minecraft:gravel":97,"minecraft:spruce_sapling":5,"minecraft:spruce_log":149,"minecraft:crying_obsidian":2,"minecraft:leather_helmet":1,"minecraft:firework_rocket":296,"minecraft:coal_ore":4,"minecraft:purple_bed":3,"minecraft:purple_glazed_terracotta":12,"minecraft:stone_axe":6,"minecraft:tide_armor_trim_smithing_template":1,"minecraft:diamond_axe":5,"minecraft:birch_sign":7,"minecraft:gray_wool":1,"minecraft:baked_potato":68,"minecraft:pink_dye":2,"minecraft:ender_pearl":88,"minecraft:shulker_shell":14,"minecraft:wheat":175,"minecraft:ender_chest":11,"minecraft:nether_brick_fence":4,"minecraft:potion":13,"minecraft:gilded_blackstone":13,"minecraft:crimson_planks":1,"minecraft:raw_copper":5,"minecraft:smooth_stone_slab":12,"minecraft:iron_leggings":3,"minecraft:sticky_piston":18,"minecraft:zombie_head":1,"minecraft:oak_sign":24,"minecraft:activator_rail":3,"minecraft:comparator":6,"minecraft:bucket":3,"minecraft:rose_bush":3,"minecraft:redstone_torch":32,"minecraft:cobblestone_slab":4,"minecraft:ender_eye":1,"minecraft:azalea":11,"minecraft:iron_pickaxe":1,"minecraft:iron_boots":2,"minecraft:furnace":7,"minecraft:stick":317,"minecraft:birch_trapdoor":7,"minecraft:oak_fence":19,"minecraft:torch":443,"minecraft:snow_block":1,"minecraft:porkchop":15,"minecraft:netherite_shovel":5,"minecraft:target":2,"minecraft:diorite":52,"minecraft:vine":4,"minecraft:sniffer_egg":1,"minecraft:quartz_block":36,"minecraft:cactus":30,"minecraft:rotten_flesh":827,"minecraft:chorus_flower":1,"minecraft:obsidian":135,"minecraft:cod":65,"minecraft:cobblestone":3082,"minecraft:pink_petals":15,"minecraft:magma_cream":3,"minecraft:cherry_planks":451,"minecraft:andesite":17,"minecraft:beacon":1,"minecraft:potato":471,"minecraft:tuff":52,"minecraft:prismarine_bricks":17,"minecraft:wither_skeleton_skull":4,"minecraft:acacia_boat":13,"minecraft:lapis_lazuli":423,"minecraft:dirt":10530,"minecraft:name_tag":1,"minecraft:leather_boots":2,"minecraft:glass":17,"minecraft:bone":182,"minecraft:acacia_planks":24,"minecraft:bow":15,"minecraft:wheat_seeds":517,"minecraft:deepslate_brick_slab":4,"minecraft:cobbled_deepslate_slab":20,"minecraft:raw_gold":65,"minecraft:grindstone":3,"minecraft:netherite_axe":4,"minecraft:fletching_table":3,"minecraft:bamboo":97,"minecraft:powered_rail":3,"minecraft:prismarine":27,"minecraft:oak_planks":245,"minecraft:cooked_porkchop":13,"minecraft:oak_pressure_plate":1,"minecraft:poisonous_potato":8,"minecraft:sand":1042,"minecraft:grass_block":3,"minecraft:shulker_box":3,"minecraft:mossy_cobblestone":1,"minecraft:dark_prismarine":24,"minecraft:clay":2,"minecraft:sugar":124,"minecraft:diamond":204,"minecraft:spruce_boat":1,"minecraft:netherite_helmet":4,"minecraft:cracked_polished_blackstone_bricks":15,"minecraft:crossbow":101,"minecraft:bone_meal":97,"minecraft:golden_apple":2,"minecraft:emerald":3228,"minecraft:oak_sapling":23,"minecraft:netherrack":7782,"minecraft:chorus_fruit":1,"minecraft:oak_leaves":145,"minecraft:nether_star":6,"minecraft:charcoal":2,"minecraft:end_stone_bricks":7,"minecraft:fishing_rod":2,"minecraft:cocoa_beans":9,"minecraft:chicken":2,"minecraft:ladder":140,"minecraft:wooden_pickaxe":2,"minecraft:gold_block":16,"minecraft:diamond_horse_armor":1,"minecraft:oak_trapdoor":12,"minecraft:iron_axe":49,"minecraft:birch_fence":7,"minecraft:blackstone":100,"minecraft:creeper_banner_pattern":1,"minecraft:oak_boat":26,"minecraft:light_gray_wool":1,"minecraft:lectern":2063,"minecraft:sugar_cane":235,"minecraft:phantom_membrane":47,"minecraft:spruce_trapdoor":8,"minecraft:cherry_trapdoor":7,"minecraft:raw_iron":106,"minecraft:copper_ingot":25,"minecraft:bowl":1,"minecraft:flowering_azalea_leaves":1,"minecraft:polished_blackstone_bricks":17,"minecraft:cookie":92,"minecraft:trident":11,"minecraft:arrow":423,"minecraft:pumpkin_pie":35,"minecraft:nether_bricks":38,"minecraft:saddle":7,"minecraft:wet_sponge":36,"minecraft:netherite_boots":4,"minecraft:purple_dye":12,"minecraft:basalt":28,"minecraft:golden_carrot":339,"minecraft:glow_ink_sac":1,"minecraft:crimson_stem":6,"minecraft:salmon":8,"minecraft:leather":21,"minecraft:birch_planks":42,"minecraft:crimson_fungus":2,"minecraft:cobblestone_wall":4,"minecraft:yellow_bed":6,"minecraft:nether_wart_block":6,"minecraft:gunpowder":424,"minecraft:cobblestone_stairs":24,"minecraft:cooked_mutton":54,"minecraft:red_carpet":39,"minecraft:iron_ingot":238,"minecraft:cooked_chicken":19,"minecraft:soul_sand":98,"minecraft:green_dye":2,"minecraft:book":236,"minecraft:scaffolding":409,"minecraft:oak_slab":11,"minecraft:pink_bed":4,"minecraft:emerald_block":164,"minecraft:birch_boat":4,"minecraft:pumpkin":5,"minecraft:stone_brick_slab":1,"minecraft:quartz":902,"minecraft:dandelion":99,"minecraft:raw_iron_block":1,"minecraft:lava_bucket":8,"minecraft:blast_furnace":4,"minecraft:white_bed":49,"minecraft:spider_eye":158,"minecraft:spruce_door":15,"minecraft:pumpkin_seeds":20,"minecraft:lime_banner":20,"minecraft:lime_dye":6,"minecraft:campfire":1,"minecraft:chainmail_leggings":1,"minecraft:cherry_sapling":160,"minecraft:black_wool":1,"minecraft:coal":195},"minecraft:dropped":{"minecraft:clay":5,"minecraft:lapis_lazuli":75,"minecraft:cooked_beef":8,"minecraft:glow_ink_sac":1,"minecraft:glass_bottle":93,"minecraft:diamond":114,"minecraft:crafting_table":5,"minecraft:cooked_porkchop":10,"minecraft:sandstone_stairs":2,"minecraft:crossbow":105,"minecraft:cookie":300,"minecraft:rooted_dirt":3,"minecraft:fletching_table":1,"minecraft:saddle":7,"minecraft:rail":346,"minecraft:leather_helmet":2,"minecraft:sentry_armor_trim_smithing_template":2,"minecraft:red_mushroom":6,"minecraft:red_carpet":27,"minecraft:emerald":1321,"minecraft:dirt":1701,"minecraft:birch_fence":1,"minecraft:dark_oak_fence":4,"minecraft:cherry_leaves":11,"minecraft:writable_book":6,"minecraft:gold_nugget":131,"minecraft:bone_meal":158,"minecraft:phantom_membrane":31,"minecraft:sand":695,"minecraft:sugar":188,"minecraft:iron_pickaxe":4,"minecraft:dark_oak_boat":2,"minecraft:fishing_rod":2,"minecraft:white_wool":122,"minecraft:bone":78,"minecraft:oak_door":1,"minecraft:stone_axe":5,"minecraft:compass":1,"minecraft:cherry_boat":2,"minecraft:sugar_cane":196,"minecraft:lever":1,"minecraft:cooked_chicken":7,"minecraft:cobbled_deepslate":1071,"minecraft:birch_sapling":9,"minecraft:netherite_sword":1,"minecraft:wheat":165,"minecraft:obsidian":25,"minecraft:deepslate_brick_slab":3,"minecraft:rotten_flesh":756,"minecraft:grindstone":1,"minecraft:oak_planks":162,"minecraft:netherite_shovel":2,"minecraft:glowstone_dust":78,"minecraft:blaze_powder":4,"minecraft:nether_brick_fence":4,"minecraft:white_bed":7,"minecraft:salmon":17,"minecraft:orange_banner":6,"minecraft:coal_ore":4,"minecraft:charcoal":2,"minecraft:quartz_block":177,"minecraft:leather_boots":4,"minecraft:ladder":50,"minecraft:white_dye":8,"minecraft:spruce_slab":10,"minecraft:glass":103,"minecraft:campfire":2,"minecraft:warped_wart_block":2,"minecraft:flowering_azalea_leaves":1,"minecraft:crying_obsidian":2,"minecraft:lectern":2,"minecraft:egg":6,"minecraft:crimson_planks":8,"minecraft:enchanted_book":9,"minecraft:golden_boots":3,"minecraft:iron_ingot":451,"minecraft:netherite_pickaxe":1,"minecraft:wheat_seeds":705,"minecraft:netherite_chestplate":1,"minecraft:oak_fence":9,"minecraft:iron_helmet":1,"minecraft:feather":14,"minecraft:cobblestone":3074,"minecraft:book":277,"minecraft:apple":195,"minecraft:granite":159,"minecraft:coal":38,"minecraft:golden_apple":2,"minecraft:lime_banner":1,"minecraft:end_rod":31,"minecraft:oxeye_daisy":2,"minecraft:lava_bucket":5,"minecraft:gray_wool":1,"minecraft:iron_trapdoor":3,"minecraft:golden_carrot":298,"minecraft:ink_sac":32,"minecraft:rose_bush":2,"minecraft:cherry_planks":216,"minecraft:lapis_ore":16,"minecraft:cooked_salmon":1,"minecraft:potion":12,"minecraft:oak_stairs":39,"minecraft:armadillo_scute":4,"minecraft:white_banner":303,"minecraft:red_dye":47,"minecraft:iron_shovel":2,"minecraft:chainmail_leggings":1,"minecraft:paper":81,"minecraft:string":6316,"minecraft:acacia_planks":11,"minecraft:spruce_sapling":6,"minecraft:snow_block":1,"minecraft:furnace":5,"minecraft:soul_soil":16,"minecraft:stone_sword":2,"minecraft:cobblestone_wall":3,"minecraft:cocoa_beans":8,"minecraft:bowl":12,"minecraft:chicken":1,"minecraft:white_carpet":17,"minecraft:iron_boots":4,"minecraft:stone_slab":5,"minecraft:cherry_slab":42,"minecraft:name_tag":2,"minecraft:white_terracotta":57,"minecraft:cobbled_deepslate_slab":15,"minecraft:spruce_fence":8,"minecraft:nether_bricks":15,"minecraft:torchflower_seeds":1,"minecraft:oak_sign":20,"minecraft:shears":21,"minecraft:pumpkin_seeds":20,"minecraft:suspicious_stew":12,"minecraft:blast_furnace":1,"minecraft:target":1,"minecraft:diamond_sword":2,"minecraft:cobblestone_slab":4,"minecraft:potato":34,"minecraft:hay_block":108,"minecraft:shroomlight":7,"minecraft:stone":272,"minecraft:spruce_planks":6,"minecraft:diamond_pickaxe":3,"minecraft:redstone_torch":6,"minecraft:barrel":1,"minecraft:stone_bricks":832,"minecraft:spider_eye":148,"minecraft:bamboo":1,"minecraft:birch_boat":1,"minecraft:bow":14,"minecraft:magma_block":19,"minecraft:dark_prismarine":12,"minecraft:soul_sand":4,"minecraft:moss_block":4,"minecraft:birch_planks":57,"minecraft:diamond_axe":7,"minecraft:oak_log":126,"minecraft:baked_potato":76,"minecraft:loom":2,"minecraft:ender_pearl":4,"minecraft:purple_glazed_terracotta":8,"minecraft:nether_star":1,"minecraft:netherite_upgrade_smithing_template":2,"minecraft:lantern":8,"minecraft:leather":43,"minecraft:honeycomb":3,"minecraft:birch_slab":5,"minecraft:cod":49,"minecraft:flint":38,"minecraft:cobblestone_stairs":24,"minecraft:cracked_polished_blackstone_bricks":1,"minecraft:dark_oak_log":1,"minecraft:cherry_trapdoor":5,"minecraft:cornflower":2,"minecraft:crimson_roots":5,"minecraft:seagrass":10,"minecraft:cooked_cod":15,"minecraft:cut_sandstone":18,"minecraft:snowball":29,"minecraft:pumpkin_pie":213,"minecraft:birch_log":26,"minecraft:gold_ingot":23,"minecraft:blackstone":56,"minecraft:spyglass":1,"minecraft:cherry_sapling":133,"minecraft:beetroot":70,"minecraft:diamond_shovel":1,"minecraft:prismarine":18,"minecraft:cooked_mutton":43,"minecraft:carrot":119,"minecraft:poppy":1421,"minecraft:leather_chestplate":1,"minecraft:trident":8,"minecraft:gunpowder":187,"minecraft:birch_trapdoor":1,"minecraft:beetroot_seeds":40,"minecraft:glowstone":22,"minecraft:azalea":10,"minecraft:chest":11,"minecraft:birch_button":8,"minecraft:iron_ore":20,"minecraft:basalt":1,"minecraft:arrow":383,"minecraft:scaffolding":20,"minecraft:quartz":165,"minecraft:oak_leaves":36,"minecraft:enchanting_table":1,"minecraft:netherrack":4377,"minecraft:firework_rocket":56,"minecraft:stone_hoe":1,"minecraft:water_bucket":4,"minecraft:bread":224,"minecraft:oak_slab":12,"minecraft:vine":4,"minecraft:sniffer_egg":1,"minecraft:smithing_table":1,"minecraft:minecart":4,"minecraft:bookshelf":3,"minecraft:diamond_leggings":2,"minecraft:poisonous_potato":17,"minecraft:netherite_axe":1,"minecraft:lead":20,"minecraft:spectral_arrow":20,"minecraft:activator_rail":6,"minecraft:copper_ingot":8,"minecraft:tropical_fish":2,"minecraft:grass_block":1,"minecraft:stick":394,"minecraft:iron_block":22,"minecraft:diorite":52,"minecraft:milk_bucket":13,"minecraft:brewing_stand":1,"minecraft:torch":138,"minecraft:green_dye":2,"minecraft:light_blue_wool":1,"minecraft:nether_wart_block":4,"minecraft:brown_wool":2,"minecraft:map":13,"minecraft:fire_charge":1,"minecraft:iron_leggings":5,"minecraft:iron_axe":57,"minecraft:raw_iron_block":1,"minecraft:cactus":4,"minecraft:tripwire_hook":12,"minecraft:pink_petals":7,"minecraft:bucket":15,"minecraft:dandelion":102,"minecraft:redstone":134,"minecraft:kelp":139,"minecraft:oak_trapdoor":7,"minecraft:blaze_rod":30,"minecraft:raw_copper":5,"minecraft:tuff":51,"minecraft:raw_iron":9,"minecraft:birch_pressure_plate":2,"minecraft:light_gray_wool":1,"minecraft:iron_hoe":3,"minecraft:smoker":12,"minecraft:comparator":1,"minecraft:totem_of_undying":93,"minecraft:acacia_leaves":44,"minecraft:glass_pane":49,"minecraft:red_terracotta":1,"minecraft:flint_and_steel":5,"minecraft:deepslate_bricks":22,"minecraft:filled_map":13,"minecraft:shield":1,"minecraft:diamond_chestplate":1,"minecraft:orange_terracotta":2,"minecraft:iron_chestplate":2,"minecraft:andesite":15,"minecraft:pink_wool":1,"minecraft:oak_boat":5,"minecraft:oak_sapling":21,"minecraft:golden_sword":6,"minecraft:birch_sign":7,"minecraft:diamond_boots":2,"minecraft:spruce_log":149,"minecraft:beacon":1,"minecraft:stone_pickaxe":3,"minecraft:wooden_pickaxe":1,"minecraft:raw_gold":41},"minecraft:killed":{"minecraft:cod":39,"minecraft:shulker":23,"minecraft:skeleton":118,"minecraft:guardian":53,"minecraft:chicken":15,"minecraft:tropical_fish":2,"minecraft:magma_cube":8,"minecraft:elder_guardian":5,"minecraft:salmon":2,"minecraft:iron_golem":48,"minecraft:pillager":1448,"minecraft:donkey":1,"minecraft:zombie":810,"minecraft:cow":8,"minecraft:evoker":201,"minecraft:vindicator":1016,"minecraft:horse":2,"minecraft:husk":3,"minecraft:rabbit":1,"minecraft:wandering_trader":8,"minecraft:ravager":8,"minecraft:polar_bear":5,"minecraft:enderman":28,"minecraft:zombified_piglin":53,"minecraft:witch":283,"minecraft:spider":71,"minecraft:bee":3,"minecraft:axolotl":1,"minecraft:turtle":2,"minecraft:wolf":1,"minecraft:piglin":9,"minecraft:pig":16,"minecraft:zombie_villager":6,"minecraft:strider":1,"minecraft:creeper":80,"minecraft:sheep":34,"minecraft:trader_llama":10,"minecraft:ghast":4,"minecraft:blaze":72,"minecraft:vex":29,"minecraft:armadillo":1,"minecraft:phantom":134,"minecraft:drowned":173,"minecraft:squid":15,"minecraft:wither_skeleton":13,"minecraft:villager":132},"minecraft:used":{"minecraft:writable_book":7,"minecraft:ladder":146,"minecraft:spruce_slab":22,"minecraft:poppy":5,"minecraft:chest":20,"minecraft:stone":2,"minecraft:soul_sand":79,"minecraft:deepslate_brick_slab":2,"minecraft:snowball":19,"minecraft:spruce_boat":1,"minecraft:netherite_shovel":12945,"minecraft:lava_bucket":500,"minecraft:lime_banner":17,"minecraft:grass_block":1,"minecraft:quartz_block":26,"minecraft:cherry_leaves":49,"minecraft:snow":66,"minecraft:bow":1814,"minecraft:dark_oak_boat":12,"minecraft:furnace":2,"minecraft:cooked_cod":6,"minecraft:egg":9,"minecraft:potato":179,"minecraft:dragon_head":1,"minecraft:end_stone_bricks":5,"minecraft:spruce_door":15,"minecraft:powered_rail":3,"minecraft:chorus_fruit":1,"minecraft:blackstone":63,"minecraft:wooden_pickaxe":25,"minecraft:composter":3,"minecraft:oak_leaves":128,"minecraft:cookie":64,"minecraft:golden_apple":4,"minecraft:glow_berries":11,"minecraft:dark_oak_trapdoor":1,"minecraft:sand":221,"minecraft:blast_furnace":3,"minecraft:birch_fence":6,"minecraft:birch_slab":3,"minecraft:spore_blossom":1,"minecraft:lectern":2064,"minecraft:red_terracotta":1,"minecraft:oak_pressure_plate":2,"minecraft:fire_charge":3,"minecraft:nether_wart_block":3,"minecraft:diamond_sword":246,"minecraft:oak_boat":22,"minecraft:oak_trapdoor":16,"minecraft:iron_bars":10,"minecraft:cooked_salmon":14,"minecraft:netherrack":1658,"minecraft:bee_spawn_egg":3,"minecraft:torch":249,"minecraft:brewing_stand":1,"minecraft:anvil":3,"minecraft:target":2,"minecraft:chipped_anvil":2,"minecraft:iron_block":779,"minecraft:cherry_slab":45,"minecraft:iron_axe":123,"minecraft:totem_of_undying":26,"minecraft:barrel":12,"minecraft:bamboo":4,"minecraft:diamond_chestplate":2,"minecraft:tripwire_hook":13,"minecraft:glowstone":215,"minecraft:basalt":11,"minecraft:cobbled_deepslate":323,"minecraft:acacia_planks":29,"minecraft:cherry_fence":4,"minecraft:wheat_seeds":86,"minecraft:water_bucket":773,"minecraft:birch_planks":16,"minecraft:lead":3,"minecraft:cartography_table":3,"minecraft:cherry_planks":269,"minecraft:cauldron":1,"minecraft:fletching_table":1,"minecraft:deepslate_bricks":13,"minecraft:cod":1,"minecraft:rail":162,"minecraft:red_bed":4,"minecraft:mossy_cobblestone":1,"minecraft:tnt":9,"minecraft:crafting_table":20,"minecraft:comparator":4,"minecraft:white_bed":40,"minecraft:oak_slab":17,"minecraft:campfire":1,"minecraft:cake":18,"minecraft:oak_log":8,"minecraft:diamond_pickaxe":2581,"minecraft:diamond_shovel":42,"minecraft:iron_pickaxe":246,"minecraft:suspicious_stew":11,"minecraft:leather_helmet":1,"minecraft:spruce_trapdoor":6,"minecraft:pink_bed":4,"minecraft:cobblestone":568,"minecraft:azalea_leaves":9,"minecraft:potion":5,"minecraft:purple_bed":3,"minecraft:cooked_porkchop":22,"minecraft:porkchop":5,"minecraft:kelp":97,"minecraft:diamond_leggings":1,"minecraft:cherry_sapling":13,"minecraft:iron_shovel":535,"minecraft:oak_sign":12,"minecraft:shield":26,"minecraft:white_terracotta":7,"minecraft:iron_sword":408,"minecraft:nether_wart":63,"minecraft:iron_chestplate":1,"minecraft:birch_pressure_plate":4,"minecraft:mutton":10,"minecraft:nether_bricks":23,"minecraft:carrot":158,"minecraft:tuff":1,"minecraft:obsidian":71,"minecraft:milk_bucket":13,"minecraft:glass":52,"minecraft:lantern":3,"minecraft:iron_helmet":2,"minecraft:stone_bricks":1224,"minecraft:birch_trapdoor":36,"minecraft:red_carpet":46,"minecraft:scaffolding":180,"minecraft:beetroot_seeds":46,"minecraft:gold_block":2,"minecraft:end_rod":1,"minecraft:torchflower":1,"minecraft:wither_skeleton_skull":1,"minecraft:stone_pickaxe":187,"minecraft:oak_planks":277,"minecraft:ender_pearl":45,"minecraft:sugar_cane":23,"minecraft:diamond_axe":2294,"minecraft:blue_bed":4,"minecraft:white_wool":12,"minecraft:loom":11,"minecraft:crossbow":52,"minecraft:shears":181,"minecraft:redstone_torch":33,"minecraft:sticky_piston":18,"minecraft:lever":2,"minecraft:firework_rocket":114,"minecraft:dark_oak_log":7,"minecraft:bread":128,"minecraft:string":34,"minecraft:netherite_sword":3608,"minecraft:andesite":2,"minecraft:oak_fence":17,"minecraft:grindstone":3,"minecraft:cherry_boat":3,"minecraft:bone_meal":103,"minecraft:smooth_stone_slab":3,"minecraft:azalea":1,"minecraft:stripped_cherry_log":12,"minecraft:tropical_fish_bucket":4,"minecraft:experience_bottle":2,"minecraft:trident":1386,"minecraft:rose_bush":1,"minecraft:flint_and_steel":69,"minecraft:redstone":81,"minecraft:spruce_planks":48,"minecraft:ender_chest":14,"minecraft:stone_hoe":125,"minecraft:cooked_chicken":12,"minecraft:oak_door":1,"minecraft:spyglass":13,"minecraft:dirt":8918,"minecraft:white_carpet":164,"minecraft:hopper":9,"minecraft:shulker_box":3,"minecraft:bee_nest":1,"minecraft:spruce_fence":2,"minecraft:dark_oak_planks":17,"minecraft:iron_hoe":27,"minecraft:stone_brick_slab":1,"minecraft:oak_stairs":68,"minecraft:cherry_trapdoor":10,"minecraft:polished_blackstone_brick_stairs":1,"minecraft:crimson_planks":17,"minecraft:golden_carrot":697,"minecraft:emerald_block":105,"minecraft:minecart":26,"minecraft:netherite_pickaxe":15835,"minecraft:cooked_beef":50,"minecraft:powder_snow_bucket":40,"minecraft:cooked_mutton":29,"minecraft:acacia_boat":16,"minecraft:snow_block":119,"minecraft:baked_potato":151,"minecraft:birch_boat":6,"minecraft:beacon":2,"minecraft:green_bed":5,"minecraft:cobblestone_slab":1,"minecraft:lime_bed":4,"minecraft:spider_eye":3,"minecraft:dark_oak_door":4,"minecraft:smoker":4,"minecraft:piston":25,"minecraft:activator_rail":3,"minecraft:chicken":1,"minecraft:map":1,"minecraft:netherite_axe":2288,"minecraft:stone_axe":216,"minecraft:pink_petals":3,"minecraft:crimson_fungus":2,"minecraft:cobbled_deepslate_slab":27,"minecraft:white_banner":10,"minecraft:bucket":1314,"minecraft:pumpkin_pie":16,"minecraft:yellow_bed":6}},"DataVersion":3839}