{"stats":{"minecraft:crafted":{"minecraft:oak_planks":276,"minecraft:stone_shovel":1,"minecraft:furnace":1,"minecraft:glass":23,"minecraft:spruce_stairs":24,"minecraft:diamond_helmet":2,"minecraft:diamond_leggings":2,"minecraft:iron_axe":2,"minecraft:spruce_slab":72,"minecraft:stone_pickaxe":2,"minecraft:chest":1,"minecraft:diamond_boots":2,"minecraft:diamond_axe":1,"minecraft:crafting_table":1,"minecraft:spruce_planks":160,"minecraft:spruce_door":3,"minecraft:stone_axe":1,"minecraft:diamond_pickaxe":1,"minecraft:stick":36,"minecraft:iron_pickaxe":2,"minecraft:oak_stairs":40,"minecraft:iron_shovel":1,"minecraft:torch":40,"minecraft:diamond_chestplate":2},"minecraft:dropped":{"minecraft:enchanted_book":1,"minecraft:iron_ingot":12,"minecraft:wheat_seeds":67,"minecraft:diamond":12,"minecraft:oak_fence":2,"minecraft:iron_helmet":1,"minecraft:cobblestone":119,"minecraft:spruce_door":1,"minecraft:leather_helmet":1,"minecraft:dirt":64,"minecraft:mutton":2,"minecraft:iron_leggings":1,"minecraft:iron_axe":1,"minecraft:iron_pickaxe":2,"minecraft:iron_shovel":2,"minecraft:white_wool":1,"minecraft:spruce_sapling":1,"minecraft:stone_axe":2,"minecraft:birch_sapling":1,"minecraft:wheat":5,"minecraft:iron_boots":2,"minecraft:cooked_mutton":15,"minecraft:shears":1,"minecraft:carrot":1,"minecraft:diamond_sword":1,"minecraft:leather_chestplate":1,"minecraft:iron_chestplate":1,"minecraft:beetroot_seeds":1,"minecraft:oak_sapling":2,"minecraft:bow":1,"minecraft:stone_pickaxe":1,"minecraft:netherrack":325},"minecraft:killed":{"minecraft:vindicator":13,"minecraft:camel":1,"minecraft:creeper":1,"minecraft:pillager":18,"minecraft:zombie":3},"minecraft:broken":{"minecraft:iron_shovel":1,"minecraft:iron_axe":2,"minecraft:crossbow":2},"minecraft:used":{"minecraft:iron_shovel":326,"minecraft:spruce_slab":65,"minecraft:poppy":3,"minecraft:spruce_planks":92,"minecraft:chest":1,"minecraft:torch":40,"minecraft:dirt":77,"minecraft:spruce_stairs":19,"minecraft:carrot":84,"minecraft:obsidian":1,"minecraft:glass":42,"minecraft:iron_axe":395,"minecraft:oak_stairs":43,"minecraft:totem_of_undying":3,"minecraft:golden_sword":1,"minecraft:scaffolding":22,"minecraft:furnace":1,"minecraft:water_bucket":46,"minecraft:spruce_door":2,"minecraft:birch_planks":12,"minecraft:stone_pickaxe":70,"minecraft:oak_planks":216,"minecraft:diamond_axe":16,"minecraft:sugar_cane":3,"minecraft:sand":6,"minecraft:crafting_table":1,"minecraft:crossbow":36,"minecraft:spruce_log":4,"minecraft:birch_fence":1,"minecraft:oak_log":157,"minecraft:diamond_pickaxe":1,"minecraft:firework_rocket":19,"minecraft:birch_slab":8,"minecraft:bread":2,"minecraft:iron_pickaxe":342,"minecraft:spruce_sapling":1,"minecraft:flowering_azalea_leaves":5,"minecraft:stone_axe":102,"minecraft:cobblestone":5,"minecraft:bucket":47,"minecraft:air":2,"minecraft:dandelion":1},"minecraft:picked_up":{"minecraft:iron_chestplate":1,"minecraft:wheat":10,"minecraft:oak_stairs":32,"minecraft:golden_sword":1,"minecraft:iron_axe":14,"minecraft:iron_leggings":1,"minecraft:compass":2,"minecraft:iron_shovel":4,"minecraft:birch_fence":1,"minecraft:diamond_leggings":4,"minecraft:gold_nugget":50,"minecraft:spruce_planks":75,"minecraft:poppy":5,"minecraft:iron_pickaxe":2,"minecraft:spruce_slab":19,"minecraft:sugar_cane":3,"minecraft:birch_sapling":1,"minecraft:iron_boots":2,"minecraft:stick":16,"minecraft:oak_fence":2,"minecraft:spruce_stairs":17,"minecraft:flowering_azalea_leaves":5,"minecraft:carrot":222,"minecraft:redstone":8,"minecraft:diamond_chestplate":4,"minecraft:rotten_flesh":4,"minecraft:stone_shovel":1,"minecraft:shears":1,"minecraft:diamond_boots":4,"minecraft:totem_of_undying":29,"minecraft:mutton":6,"minecraft:obsidian":8,"minecraft:white_wool":3,"minecraft:cobblestone":528,"minecraft:pink_petals":6,"minecraft:water_bucket":2,"minecraft:birch_slab":14,"minecraft:birch_planks":63,"minecraft:oak_log":274,"minecraft:dirt":475,"minecraft:white_banner":3,"minecraft:cooked_mutton":15,"minecraft:glass":19,"minecraft:bow":1,"minecraft:wheat_seeds":69,"minecraft:iron_ingot":217,"minecraft:stone_pickaxe":4,"minecraft:diamond_helmet":4,"minecraft:glass_bottle":4,"minecraft:oak_planks":89,"minecraft:scaffolding":22,"minecraft:dandelion":1,"minecraft:sand":32,"minecraft:spruce_sapling":3,"minecraft:spruce_log":71,"minecraft:spider_eye":1,"minecraft:spruce_door":1,"minecraft:firework_rocket":172,"minecraft:sugar":3,"minecraft:diamond":66,"minecraft:stone_axe":3,"minecraft:iron_helmet":1,"minecraft:crossbow":6,"minecraft:diamond_axe":1,"minecraft:bread":2,"minecraft:oak_sapling":2,"minecraft:netherrack":337,"minecraft:coal":25,"minecraft:diamond_pickaxe":2},"minecraft:custom":{"minecraft:mob_kills":36,"minecraft:interact_with_anvil":1,"minecraft:interact_with_crafting_table":36,"minecraft:leave_game":2,"minecraft:time_since_death":7444,"minecraft:climb_one_cm":26457,"minecraft:sprint_one_cm":518931,"minecraft:walk_one_cm":951710,"minecraft:drop":68,"minecraft:raid_win":2,"minecraft:play_time":232881,"minecraft:deaths":11,"minecraft:sneak_time":1212,"minecraft:walk_under_water_one_cm":62373,"minecraft:jump":1951,"minecraft:walk_on_water_one_cm":10608,"minecraft:total_world_time":232881,"minecraft:interact_with_furnace":16,"minecraft:sleep_in_bed":6,"minecraft:time_since_rest":7473,"minecraft:open_enderchest":2,"minecraft:damage_taken":4821,"minecraft:damage_absorbed":160,"minecraft:damage_dealt":2297,"minecraft:swim_one_cm":4005,"minecraft:fly_one_cm":351453,"minecraft:player_kills":1,"minecraft:open_chest":135,"minecraft:crouch_one_cm":4597,"minecraft:interact_with_smoker":1,"minecraft:fall_one_cm":41769},"minecraft:mined":{"minecraft:spruce_planks":42,"minecraft:grass_block":133,"minecraft:birch_slab":1,"minecraft:spruce_leaves":20,"minecraft:carrots":25,"minecraft:snow":3,"minecraft:flowering_azalea_leaves":1,"minecraft:oak_stairs":18,"minecraft:stone":412,"minecraft:spruce_slab":7,"minecraft:scaffolding":17,"minecraft:snow_block":5,"minecraft:powder_snow":7,"minecraft:short_grass":6,"minecraft:cobblestone":1,"minecraft:oak_planks":52,"minecraft:spruce_stairs":3,"minecraft:birch_planks":12,"minecraft:spruce_log":42,"minecraft:oak_log":224,"minecraft:sand":6,"minecraft:dirt":202,"minecraft:oak_leaves":5,"minecraft:birch_fence":1},"minecraft:killed_by":{"minecraft:evoker":1,"minecraft:player":6,"minecraft:zombie":1,"minecraft:vex":1}},"DataVersion":3839}