{"stats":{"minecraft:dropped":{"minecraft:cobbled_deepslate":156,"minecraft:diamond":10,"minecraft:tuff":27,"minecraft:cobblestone":128,"minecraft:rotten_flesh":2,"minecraft:name_tag":2,"minecraft:wooden_axe":2,"minecraft:wooden_pickaxe":2,"minecraft:bucket":1},"minecraft:crafted":{"minecraft:cooked_beef":3,"minecraft:oak_planks":24,"minecraft:diamond_sword":1,"minecraft:diamond_axe":1,"minecraft:crafting_table":1,"minecraft:wooden_pickaxe":1,"minecraft:birch_planks":20,"minecraft:air":0,"minecraft:diamond_helmet":1,"minecraft:diamond_leggings":1,"minecraft:diamond_pickaxe":1,"minecraft:shield":2,"minecraft:iron_axe":1,"minecraft:stick":28,"minecraft:iron_pickaxe":2,"minecraft:stone_pickaxe":3,"minecraft:wooden_axe":1,"minecraft:diamond_boots":2,"minecraft:torch":20,"minecraft:diamond_chestplate":2},"minecraft:killed_by":{"minecraft:warden":3,"minecraft:player":1},"minecraft:used":{"minecraft:water_bucket":2,"minecraft:diorite":2,"minecraft:stone_pickaxe":393,"minecraft:baked_potato":1,"minecraft:shield":2,"minecraft:wooden_pickaxe":16,"minecraft:diamond_axe":5,"minecraft:torch":34,"minecraft:crafting_table":5,"minecraft:wooden_axe":18,"minecraft:diamond_pickaxe":745,"minecraft:iron_axe":2,"minecraft:iron_pickaxe":506,"minecraft:diamond_sword":26,"minecraft:cobblestone":27,"minecraft:bucket":1,"minecraft:andesite":24,"minecraft:cooked_beef":2,"minecraft:cobbled_deepslate":27},"minecraft:picked_up":{"minecraft:birch_log":5,"minecraft:crafting_table":9,"minecraft:wheat":12,"minecraft:cooked_beef":8,"minecraft:water_bucket":1,"minecraft:andesite":24,"minecraft:diamond_sword":3,"minecraft:wooden_pickaxe":1,"minecraft:potato":20,"minecraft:flint":8,"minecraft:tuff":267,"minecraft:oak_log":6,"minecraft:gunpowder":56,"minecraft:string":24,"minecraft:dirt":28,"minecraft:raw_copper":10,"minecraft:iron_axe":4,"minecraft:name_tag":8,"minecraft:wheat_seeds":2,"minecraft:diamond_leggings":4,"minecraft:cobbled_deepslate":1921,"minecraft:raw_gold":16,"minecraft:bucket":1,"minecraft:iron_ingot":66,"minecraft:beef":3,"minecraft:diamond_helmet":4,"minecraft:oak_planks":71,"minecraft:stick":9,"minecraft:raw_iron":35,"minecraft:torch":19,"minecraft:gravel":71,"minecraft:diorite":138,"minecraft:redstone":148,"minecraft:diamond_chestplate":2,"minecraft:rotten_flesh":2,"minecraft:diamond":313,"minecraft:diamond_axe":4,"minecraft:bread":8,"minecraft:baked_potato":1,"minecraft:melon_seeds":2,"minecraft:coal":319,"minecraft:diamond_pickaxe":4,"minecraft:cobblestone":982,"minecraft:wooden_axe":1},"minecraft:custom":{"minecraft:interact_with_furnace":3,"minecraft:mob_kills":10,"minecraft:interact_with_crafting_table":15,"minecraft:leave_game":5,"minecraft:time_since_death":7599,"minecraft:sleep_in_bed":1,"minecraft:time_since_rest":7637,"minecraft:sprint_one_cm":76301,"minecraft:damage_taken":1483,"minecraft:walk_one_cm":242450,"minecraft:damage_blocked_by_shield":55,"minecraft:drop":27,"minecraft:damage_dealt":2032,"minecraft:fly_one_cm":47876,"minecraft:open_chest":3,"minecraft:crouch_one_cm":8380,"minecraft:play_time":84214,"minecraft:deaths":5,"minecraft:sneak_time":2269,"minecraft:jump":485,"minecraft:walk_on_water_one_cm":1908,"minecraft:total_world_time":84214,"minecraft:fall_one_cm":7013},"minecraft:killed":{"minecraft:skeleton":1,"minecraft:zombie":8,"minecraft:cow":1},"minecraft:mined":{"minecraft:deepslate_redstone_ore":9,"minecraft:tuff":48,"minecraft:deepslate_diamond_ore":115,"minecraft:crafting_table":5,"minecraft:torch":18,"minecraft:granite":5,"minecraft:grass_block":4,"minecraft:sculk_sensor":1,"minecraft:cobblestone":107,"minecraft:copper_ore":1,"minecraft:deepslate_gold_ore":5,"minecraft:oak_planks":3,"minecraft:sculk":2,"minecraft:diorite":36,"minecraft:birch_planks":1,"minecraft:birch_log":5,"minecraft:iron_ore":21,"minecraft:birch_leaves":2,"minecraft:andesite":26,"minecraft:coal_ore":67,"minecraft:oak_log":6,"minecraft:deepslate_iron_ore":14,"minecraft:gravel":41,"minecraft:dirt":3,"minecraft:stone":296,"minecraft:oak_leaves":2,"minecraft:deepslate":854},"minecraft:broken":{"minecraft:stone_pickaxe":3,"minecraft:iron_pickaxe":2}},"DataVersion":3839}