{"stats":{"minecraft:dropped":{"minecraft:wheat_seeds":5,"minecraft:lapis_lazuli":78,"minecraft:cobblestone":1,"minecraft:dirt":45,"minecraft:cornflower":1,"minecraft:bone_meal":1,"minecraft:cactus":1,"minecraft:string":1,"minecraft:oak_door":1,"minecraft:kelp":2,"minecraft:rotten_flesh":1,"minecraft:oak_planks":42,"minecraft:powder_snow_bucket":1,"minecraft:spider_eye":2,"minecraft:wooden_pickaxe":1,"minecraft:stone_pickaxe":1},"minecraft:crafted":{"minecraft:oak_door":6,"minecraft:oak_planks":832,"minecraft:cobblestone_slab":270,"minecraft:stone_shovel":2,"minecraft:furnace":1,"minecraft:bookshelf":5,"minecraft:glass_pane":48,"minecraft:spruce_stairs":8,"minecraft:diamond_leggings":1,"minecraft:iron_axe":2,"minecraft:iron_hoe":1,"minecraft:ladder":24,"minecraft:spruce_slab":42,"minecraft:stone_pickaxe":4,"minecraft:chest":3,"minecraft:diamond_boots":1,"minecraft:oak_button":4,"minecraft:oak_fence":66,"minecraft:oak_slab":48,"minecraft:diamond_sword":1,"minecraft:crafting_table":3,"minecraft:spruce_planks":272,"minecraft:iron_helmet":1,"minecraft:wooden_pickaxe":1,"minecraft:iron_sword":1,"minecraft:bucket":2,"minecraft:stone_axe":1,"minecraft:air":0,"minecraft:oak_boat":1,"minecraft:book":17,"minecraft:paper":51,"minecraft:diamond_pickaxe":1,"minecraft:shield":1,"minecraft:stick":124,"minecraft:iron_ingot":52,"minecraft:iron_pickaxe":5,"minecraft:oak_stairs":8,"minecraft:stone_sword":1,"minecraft:snow_block":83,"minecraft:iron_shovel":9,"minecraft:gold_ingot":32,"minecraft:acacia_planks":24,"minecraft:torch":48,"minecraft:diamond_chestplate":1},"minecraft:used":{"minecraft:oak_fence":42,"minecraft:stone_sword":131,"minecraft:iron_shovel":2007,"minecraft:spruce_slab":43,"minecraft:stone_shovel":262,"minecraft:ladder":24,"minecraft:poppy":7,"minecraft:chest":6,"minecraft:spruce_planks":254,"minecraft:shield":41,"minecraft:iron_sword":248,"minecraft:oak_door":10,"minecraft:torch":67,"minecraft:dirt":684,"minecraft:spruce_stairs":12,"minecraft:carrot":264,"minecraft:acacia_sapling":1,"minecraft:tuff":1,"minecraft:granite":2,"minecraft:iron_hoe":31,"minecraft:bookshelf":1,"minecraft:iron_axe":443,"minecraft:oak_stairs":83,"minecraft:birch_sapling":7,"minecraft:stone_bricks":1,"minecraft:oak_sapling":17,"minecraft:furnace":1,"minecraft:egg":13,"minecraft:cooked_beef":12,"minecraft:cobbled_deepslate":58,"minecraft:powder_snow_bucket":25,"minecraft:wheat_seeds":21,"minecraft:water_bucket":54,"minecraft:diorite":5,"minecraft:snow_block":78,"minecraft:birch_planks":1,"minecraft:stone_pickaxe":449,"minecraft:oak_planks":701,"minecraft:wooden_pickaxe":24,"minecraft:sugar_cane":18,"minecraft:cobblestone_slab":249,"minecraft:deepslate_bricks":1,"minecraft:oak_slab":52,"minecraft:crafting_table":16,"minecraft:red_bed":1,"minecraft:oak_log":9,"minecraft:cornflower":3,"minecraft:diamond_pickaxe":43,"minecraft:iron_pickaxe":1180,"minecraft:spruce_sapling":3,"minecraft:stone_axe":134,"minecraft:diamond_sword":89,"minecraft:cobblestone":342,"minecraft:bucket":81,"minecraft:glass_pane":48,"minecraft:oak_boat":2,"minecraft:dandelion":2,"minecraft:splash_potion":1},"minecraft:picked_up":{"minecraft:crafting_table":15,"minecraft:wheat":10,"minecraft:flower_pot":1,"minecraft:oak_stairs":113,"minecraft:brewing_stand":1,"minecraft:cornflower":9,"minecraft:string":16,"minecraft:oak_trapdoor":1,"minecraft:red_bed":1,"minecraft:white_carpet":9,"minecraft:cobbled_deepslate":58,"minecraft:spruce_planks":59,"minecraft:beef":2,"minecraft:oak_boat":2,"minecraft:redstone_torch":1,"minecraft:cobblestone_slab":20,"minecraft:poppy":18,"minecraft:spruce_slab":19,"minecraft:sugar_cane":71,"minecraft:chest":3,"minecraft:birch_sapling":7,"minecraft:phantom_membrane":2,"minecraft:egg":14,"minecraft:furnace":2,"minecraft:stick":99,"minecraft:raw_iron":53,"minecraft:oak_door":6,"minecraft:oak_fence":2,"minecraft:torch":31,"minecraft:acacia_log":6,"minecraft:spruce_stairs":4,"minecraft:porkchop":3,"minecraft:diorite":5,"minecraft:carrot":311,"minecraft:redstone":38,"minecraft:cauldron":1,"minecraft:arrow":32,"minecraft:cactus":1,"minecraft:rotten_flesh":40,"minecraft:deepslate_bricks":1,"minecraft:mutton":3,"minecraft:iron_bars":2,"minecraft:snowball":329,"minecraft:white_wool":2,"minecraft:cobblestone":1306,"minecraft:stripped_oak_log":16,"minecraft:glow_ink_sac":2,"minecraft:leather":11,"minecraft:powder_snow_bucket":1,"minecraft:birch_planks":1,"minecraft:tuff":1,"minecraft:oak_log":218,"minecraft:gunpowder":7,"minecraft:lapis_lazuli":78,"minecraft:dirt":2334,"minecraft:red_carpet":2,"minecraft:bone":30,"minecraft:apple":6,"minecraft:stone_bricks":1,"minecraft:kelp":2,"minecraft:wheat_seeds":49,"minecraft:raw_gold":32,"minecraft:iron_ingot":66,"minecraft:acacia_sapling":1,"minecraft:oak_planks":158,"minecraft:oak_slab":28,"minecraft:dandelion":2,"minecraft:spruce_sapling":3,"minecraft:spruce_log":68,"minecraft:spider_eye":7,"minecraft:mossy_cobblestone":3,"minecraft:diamond":28,"minecraft:granite":146,"minecraft:bone_meal":1,"minecraft:oak_sapling":24,"minecraft:light_gray_carpet":3,"minecraft:coal":51,"minecraft:ender_pearl":2},"minecraft:custom":{"minecraft:interact_with_smithing_table":2,"minecraft:mob_kills":118,"minecraft:animals_bred":5,"minecraft:interact_with_crafting_table":91,"minecraft:open_barrel":4,"minecraft:leave_game":7,"minecraft:time_since_death":535556,"minecraft:climb_one_cm":11614,"minecraft:sprint_one_cm":1913309,"minecraft:walk_one_cm":1970811,"minecraft:damage_blocked_by_shield":1149,"minecraft:drop":23,"minecraft:talked_to_villager":10,"minecraft:play_time":535556,"minecraft:sneak_time":25689,"minecraft:walk_under_water_one_cm":16301,"minecraft:boat_one_cm":81175,"minecraft:interact_with_brewingstand":2,"minecraft:jump":5034,"minecraft:interact_with_blast_furnace":26,"minecraft:walk_on_water_one_cm":12756,"minecraft:total_world_time":535556,"minecraft:interact_with_furnace":50,"minecraft:interact_with_grindstone":1,"minecraft:sleep_in_bed":5,"minecraft:time_since_rest":234860,"minecraft:damage_taken":2122,"minecraft:damage_dealt":24322,"minecraft:swim_one_cm":11959,"minecraft:fly_one_cm":924470,"minecraft:open_chest":180,"minecraft:crouch_one_cm":96555,"minecraft:interact_with_smoker":11,"minecraft:fall_one_cm":87638},"minecraft:killed":{"minecraft:spider":15,"minecraft:phantom":5,"minecraft:skeleton":31,"minecraft:zombie_villager":2,"minecraft:creeper":8,"minecraft:zombie":46,"minecraft:cow":1,"minecraft:enderman":4},"minecraft:broken":{"minecraft:iron_shovel":8,"minecraft:stone_sword":1,"minecraft:stone_pickaxe":3,"minecraft:iron_axe":1,"minecraft:stone_axe":1,"minecraft:iron_sword":1,"minecraft:iron_pickaxe":4,"minecraft:stone_shovel":2},"minecraft:mined":{"minecraft:red_carpet":2,"minecraft:tuff":1,"minecraft:spruce_planks":59,"minecraft:mossy_cobblestone":3,"minecraft:deepslate_diamond_ore":6,"minecraft:oak_door":4,"minecraft:potted_cactus":1,"minecraft:brewing_stand":1,"minecraft:granite":146,"minecraft:acacia_log":6,"minecraft:grass_block":885,"minecraft:spruce_leaves":21,"minecraft:redstone_ore":8,"minecraft:oak_trapdoor":1,"minecraft:furnace":2,"minecraft:carrots":93,"minecraft:iron_ore":42,"minecraft:cobbled_deepslate":1,"minecraft:snow":4,"minecraft:deepslate_lapis_ore":10,"minecraft:dirt_path":19,"minecraft:cobblestone_slab":13,"minecraft:deepslate_iron_ore":11,"minecraft:water_cauldron":1,"minecraft:oak_stairs":54,"minecraft:iron_bars":2,"minecraft:stripped_oak_log":3,"minecraft:stone":1229,"minecraft:spruce_slab":19,"minecraft:deepslate_redstone_ore":1,"minecraft:oak_slab":28,"minecraft:light_gray_carpet":3,"minecraft:acacia_leaves":1,"minecraft:glass_pane":6,"minecraft:red_bed":1,"minecraft:snow_block":87,"minecraft:dandelion":2,"minecraft:powder_snow":8,"minecraft:oak_fence":2,"minecraft:crafting_table":15,"minecraft:cornflower":7,"minecraft:torch":11,"minecraft:short_grass":97,"minecraft:poppy":15,"minecraft:chest":3,"minecraft:tall_grass":9,"minecraft:cobblestone":74,"minecraft:lapis_ore":2,"minecraft:deepslate_gold_ore":33,"minecraft:sugar_cane":55,"minecraft:oak_planks":94,"minecraft:diorite":5,"minecraft:wall_torch":7,"minecraft:spruce_stairs":4,"minecraft:redstone_torch":1,"minecraft:wheat":10,"minecraft:white_carpet":9,"minecraft:spruce_log":68,"minecraft:birch_leaves":33,"minecraft:oak_log":216,"minecraft:coal_ore":51,"minecraft:dirt":1330,"minecraft:cobweb":1,"minecraft:stone_bricks":1,"minecraft:oak_leaves":128,"minecraft:deepslate":48,"minecraft:fern":1}},"DataVersion":3839}