{"stats":{"minecraft:crafted":{"minecraft:oak_planks":2160,"minecraft:stone":389,"minecraft:diamond_shovel":1,"minecraft:bookshelf":6,"minecraft:quartz_block":45,"minecraft:diamond_helmet":1,"minecraft:bow":1,"minecraft:diamond_leggings":1,"minecraft:iron_boots":2,"minecraft:chest":11,"minecraft:netherite_helmet":1,"minecraft:netherite_upgrade_smithing_template":20,"minecraft:stone_bricks":164,"minecraft:oak_slab":84,"minecraft:emerald":248,"minecraft:cooked_porkchop":3,"minecraft:diamond_axe":1,"minecraft:crafting_table":1,"minecraft:iron_helmet":2,"minecraft:baked_potato":41,"minecraft:birch_pressure_plate":4,"minecraft:birch_planks":472,"minecraft:iron_chestplate":2,"minecraft:paper":819,"minecraft:diamond_pickaxe":1,"minecraft:shield":2,"minecraft:stick":636,"minecraft:iron_pickaxe":9,"minecraft:gold_ingot":70,"minecraft:netherite_ingot":6,"minecraft:oak_door":6,"minecraft:oak_trapdoor":154,"minecraft:polished_deepslate":680,"minecraft:iron_axe":5,"minecraft:diamond_boots":1,"minecraft:netherite_scrap":24,"minecraft:dark_oak_planks":40,"minecraft:cooked_beef":21,"minecraft:red_dye":415,"minecraft:diamond_sword":1,"minecraft:iron_sword":3,"minecraft:bucket":3,"minecraft:enchanted_book":23,"minecraft:air":0,"minecraft:bread":75,"minecraft:jungle_planks":4,"minecraft:oak_boat":2,"minecraft:golden_apple":5,"minecraft:wooden_axe":1,"minecraft:birch_trapdoor":4,"minecraft:oak_stairs":252,"minecraft:iron_shovel":5,"minecraft:iron_leggings":2,"minecraft:torch":148,"minecraft:diamond_chestplate":1},"minecraft:dropped":{"minecraft:moss_block":16,"minecraft:soul_sand":19,"minecraft:birch_planks":4,"minecraft:diamond_axe":1,"minecraft:lapis_lazuli":2,"minecraft:glass_bottle":2,"minecraft:crossbow":1,"minecraft:leather":11,"minecraft:honeycomb":3,"minecraft:rail":8,"minecraft:cod":3,"minecraft:red_carpet":10,"minecraft:flint":13,"minecraft:emerald":18,"minecraft:dirt":624,"minecraft:dark_oak_log":12,"minecraft:bone_meal":128,"minecraft:phantom_membrane":9,"minecraft:dark_oak_planks":12,"minecraft:white_wool":1,"minecraft:bone":82,"minecraft:gravel":34,"minecraft:blackstone":21,"minecraft:cobbled_deepslate":1027,"minecraft:netherite_sword":1,"minecraft:wheat":37,"minecraft:birch_sapling":1,"minecraft:obsidian":6,"minecraft:stripped_dark_oak_log":1,"minecraft:rotten_flesh":161,"minecraft:oak_planks":2,"minecraft:salmon":3,"minecraft:carrot":254,"minecraft:chainmail_chestplate":1,"minecraft:poppy":4,"minecraft:gunpowder":11,"minecraft:azalea_leaves":128,"minecraft:melon_seeds":3,"minecraft:azalea":3,"minecraft:powered_rail":4,"minecraft:glass":8,"minecraft:flowering_azalea_leaves":13,"minecraft:scaffolding":27,"minecraft:stone_brick_stairs":26,"minecraft:quartz":9,"minecraft:netherrack":862,"minecraft:lectern":2,"minecraft:water_bucket":2,"minecraft:wheat_seeds":439,"minecraft:oak_fence":4,"minecraft:cobblestone":716,"minecraft:book":81,"minecraft:granite":10,"minecraft:grass_block":2,"minecraft:coal":3,"minecraft:stick":12,"minecraft:torch":1,"minecraft:wooden_axe":1,"minecraft:nether_wart_block":1,"minecraft:melon_slice":91,"minecraft:green_carpet":7,"minecraft:oak_stairs":1,"minecraft:pumpkin":16,"minecraft:flowering_azalea":3,"minecraft:iron_axe":4,"minecraft:iron_shovel":2,"minecraft:paper":1,"minecraft:string":46,"minecraft:bucket":3,"minecraft:redstone":30,"minecraft:soul_soil":2,"minecraft:oak_trapdoor":6,"minecraft:cobblestone_wall":3,"minecraft:raw_copper":13,"minecraft:smooth_stone_slab":1,"minecraft:tuff":32,"minecraft:light_gray_wool":2,"minecraft:iron_boots":1,"minecraft:totem_of_undying":1,"minecraft:glass_pane":9,"minecraft:flint_and_steel":1,"minecraft:potato":60,"minecraft:cobblestone_slab":130,"minecraft:stone":17,"minecraft:peony":4,"minecraft:diamond_pickaxe":3,"minecraft:mossy_stone_bricks":1,"minecraft:oak_sapling":57,"minecraft:golden_sword":1,"minecraft:redstone_torch":11,"minecraft:spider_eye":12,"minecraft:stone_bricks":5,"minecraft:bow":1,"minecraft:magma_block":25,"minecraft:black_wool":5},"minecraft:broken":{"minecraft:iron_shovel":3,"minecraft:iron_sword":1,"minecraft:iron_axe":2,"minecraft:iron_pickaxe":6},"minecraft:killed":{"minecraft:zombified_piglin":1,"minecraft:spider":31,"minecraft:skeleton":42,"minecraft:piglin":3,"minecraft:pig":1,"minecraft:zombie_villager":1,"minecraft:creeper":11,"minecraft:zombie":233,"minecraft:cow":11,"minecraft:evoker":1,"minecraft:vindicator":4,"minecraft:phantom":6,"minecraft:villager":21,"minecraft:enderman":4},"minecraft:used":{"minecraft:iron_shovel":1123,"minecraft:chest":12,"minecraft:shield":12,"minecraft:iron_sword":459,"minecraft:stone":99,"minecraft:rotten_flesh":4,"minecraft:iron_chestplate":1,"minecraft:birch_pressure_plate":5,"minecraft:carrot":58,"minecraft:deepslate_brick_slab":9,"minecraft:iron_helmet":4,"minecraft:stone_bricks":212,"minecraft:birch_trapdoor":5,"minecraft:red_carpet":4,"minecraft:bow":58,"minecraft:oak_sapling":1,"minecraft:furnace":2,"minecraft:egg":15,"minecraft:potato":74,"minecraft:oak_planks":1174,"minecraft:powered_rail":2,"minecraft:ender_pearl":1,"minecraft:diamond_axe":161,"minecraft:glow_berries":4,"minecraft:dark_oak_log":2,"minecraft:bread":55,"minecraft:lectern":209,"minecraft:diamond_sword":7,"minecraft:oak_boat":4,"minecraft:oak_fence":7,"minecraft:oak_trapdoor":151,"minecraft:netherite_sword":119,"minecraft:netherrack":52,"minecraft:oak_door":5,"minecraft:torch":185,"minecraft:brewing_stand":6,"minecraft:dirt":1085,"minecraft:white_carpet":2,"minecraft:dark_oak_planks":44,"minecraft:wooden_axe":17,"minecraft:bookshelf":6,"minecraft:iron_axe":967,"minecraft:oak_stairs":173,"minecraft:iron_boots":1,"minecraft:minecart":1,"minecraft:cooked_beef":26,"minecraft:cobbled_deepslate":20,"minecraft:iron_leggings":1,"minecraft:wheat_seeds":255,"minecraft:water_bucket":26,"minecraft:birch_planks":201,"minecraft:baked_potato":121,"minecraft:rail":4,"minecraft:oak_slab":65,"minecraft:crafting_table":5,"minecraft:white_bed":1,"minecraft:oak_log":3,"minecraft:diamond_pickaxe":2854,"minecraft:apple":4,"minecraft:diamond_shovel":39,"minecraft:iron_pickaxe":1474,"minecraft:cobblestone":47,"minecraft:potion":1,"minecraft:azalea_leaves":21,"minecraft:cooked_porkchop":3,"minecraft:bucket":29,"minecraft:glass_pane":1,"minecraft:pumpkin_pie":2},"minecraft:picked_up":{"minecraft:iron_chestplate":3,"minecraft:wheat":338,"minecraft:lead":30,"minecraft:oak_stairs":12,"minecraft:potion":4,"minecraft:stone_brick_stairs":78,"minecraft:brewing_stand":7,"minecraft:golden_sword":1,"minecraft:string":45,"minecraft:soul_soil":2,"minecraft:raw_copper":13,"minecraft:smooth_stone_slab":1,"minecraft:iron_leggings":2,"minecraft:diamond_leggings":2,"minecraft:gold_nugget":112,"minecraft:cobbled_deepslate":1747,"minecraft:bucket":8,"minecraft:redstone_torch":12,"minecraft:cobblestone_slab":2,"minecraft:azalea":3,"minecraft:iron_pickaxe":8,"minecraft:azalea_leaves":64,"minecraft:melon_slice":91,"minecraft:furnace":2,"minecraft:iron_boots":4,"minecraft:stick":15,"minecraft:birch_trapdoor":1,"minecraft:oak_fence":2,"minecraft:torch":121,"minecraft:porkchop":3,"minecraft:rotten_flesh":217,"minecraft:iron_block":1,"minecraft:obsidian":6,"minecraft:cod":3,"minecraft:blaze_powder":6,"minecraft:cobblestone":2334,"minecraft:birch_log":118,"minecraft:magma_block":25,"minecraft:cooked_beef":24,"minecraft:water_bucket":8,"minecraft:jungle_log":1,"minecraft:potato":256,"minecraft:flint":31,"minecraft:tuff":138,"minecraft:lapis_lazuli":78,"minecraft:dirt":2021,"minecraft:bone":91,"minecraft:bow":5,"minecraft:wheat_seeds":726,"minecraft:deepslate_brick_slab":9,"minecraft:raw_gold":58,"minecraft:mossy_stone_bricks":3,"minecraft:powered_rail":6,"minecraft:moss_block":32,"minecraft:stone_hoe":2,"minecraft:oak_planks":190,"minecraft:honeycomb":3,"minecraft:grass_block":1,"minecraft:dark_oak_log":24,"minecraft:iron_hoe":2,"minecraft:diamond":331,"minecraft:crossbow":1,"minecraft:granite":10,"minecraft:bone_meal":1,"minecraft:emerald":137,"minecraft:oak_sapling":90,"minecraft:netherrack":913,"minecraft:diamond_pickaxe":7,"minecraft:crafting_table":4,"minecraft:nether_wart":17,"minecraft:shield":2,"minecraft:oak_trapdoor":4,"minecraft:iron_axe":9,"minecraft:flint_and_steel":3,"minecraft:white_carpet":2,"minecraft:iron_shovel":6,"minecraft:blackstone":21,"minecraft:netherite_sword":1,"minecraft:beef":21,"minecraft:oak_boat":2,"minecraft:minecart":2,"minecraft:poppy":3,"minecraft:light_gray_wool":2,"minecraft:lectern":215,"minecraft:chest":1,"minecraft:birch_sapling":1,"minecraft:phantom_membrane":9,"minecraft:egg":15,"minecraft:raw_iron":40,"minecraft:stone":208,"minecraft:oak_door":1,"minecraft:flowering_azalea_leaves":39,"minecraft:carrot":390,"minecraft:redstone":94,"minecraft:dark_oak_planks":16,"minecraft:arrow":66,"minecraft:pumpkin_pie":2,"minecraft:peony":4,"minecraft:saddle":3,"minecraft:totem_of_undying":4,"minecraft:bone_block":17,"minecraft:rail":12,"minecraft:white_wool":2,"minecraft:salmon":3,"minecraft:leather":13,"minecraft:birch_planks":9,"minecraft:oak_log":564,"minecraft:ancient_debris":24,"minecraft:cobblestone_wall":3,"minecraft:nether_wart_block":1,"minecraft:gunpowder":15,"minecraft:paper":1,"minecraft:birch_pressure_plate":3,"minecraft:red_carpet":14,"minecraft:apple":4,"minecraft:stone_bricks":85,"minecraft:iron_ingot":306,"minecraft:glass_bottle":1,"minecraft:iron_sword":2,"minecraft:flowering_azalea":9,"minecraft:soul_sand":19,"minecraft:book":252,"minecraft:scaffolding":54,"minecraft:oak_slab":1,"minecraft:pumpkin":16,"minecraft:quartz":189,"minecraft:gravel":34,"minecraft:white_bed":1,"minecraft:green_carpet":7,"minecraft:spider_eye":12,"minecraft:iron_helmet":4,"minecraft:diamond_axe":2,"minecraft:baked_potato":157,"minecraft:melon_seeds":3,"minecraft:black_wool":5,"minecraft:stripped_dark_oak_log":1,"minecraft:coal":204,"minecraft:ender_pearl":1},"minecraft:custom":{"minecraft:animals_bred":7,"minecraft:interact_with_crafting_table":88,"minecraft:open_barrel":28,"minecraft:bell_ring":14,"minecraft:leave_game":18,"minecraft:time_since_death":312443,"minecraft:sprint_one_cm":2203897,"minecraft:damage_blocked_by_shield":430,"minecraft:drop":436,"minecraft:talked_to_villager":613,"minecraft:play_time":779961,"minecraft:deaths":3,"minecraft:jump":17926,"minecraft:walk_on_water_one_cm":16212,"minecraft:interact_with_furnace":78,"minecraft:traded_with_villager":250,"minecraft:sleep_in_bed":3,"minecraft:open_enderchest":7,"minecraft:damage_dealt":35526,"minecraft:interact_with_beacon":1,"minecraft:crouch_one_cm":69153,"minecraft:interact_with_smoker":11,"minecraft:inspect_dispenser":1,"minecraft:horse_one_cm":84546,"minecraft:interact_with_smithing_table":3,"minecraft:interact_with_anvil":16,"minecraft:mob_kills":377,"minecraft:inspect_hopper":1,"minecraft:climb_one_cm":80422,"minecraft:walk_one_cm":1924762,"minecraft:damage_dealt_absorbed":80,"minecraft:raid_win":1,"minecraft:sneak_time":15169,"minecraft:walk_under_water_one_cm":8239,"minecraft:boat_one_cm":1929,"minecraft:interact_with_blast_furnace":27,"minecraft:total_world_time":779961,"minecraft:interact_with_grindstone":1,"minecraft:time_since_rest":13790,"minecraft:damage_taken":7917,"minecraft:swim_one_cm":8452,"minecraft:fly_one_cm":4593314,"minecraft:open_chest":608,"minecraft:fall_one_cm":346824},"minecraft:mined":{"minecraft:dark_oak_planks":12,"minecraft:attached_melon_stem":1,"minecraft:white_bed":1,"minecraft:oak_sapling":1,"minecraft:sculk_vein":1,"minecraft:brewing_stand":6,"minecraft:obsidian":3,"minecraft:granite":10,"minecraft:grass_block":882,"minecraft:jungle_log":1,"minecraft:soul_soil":2,"minecraft:magma_block":25,"minecraft:sculk_catalyst":1,"minecraft:iron_ore":16,"minecraft:fire":1,"minecraft:pumpkin":16,"minecraft:deepslate_lapis_ore":11,"minecraft:oak_stairs":11,"minecraft:azalea_leaves":20,"minecraft:azalea":1,"minecraft:deepslate_redstone_ore":21,"minecraft:blackstone":22,"minecraft:melon_stem":1,"minecraft:crimson_nylium":1,"minecraft:soul_fire":8,"minecraft:powder_snow":4,"minecraft:torch":28,"minecraft:melon":16,"minecraft:chest":1,"minecraft:nether_quartz_ore":90,"minecraft:cobblestone":50,"minecraft:oak_planks":35,"minecraft:wall_torch":42,"minecraft:powered_rail":2,"minecraft:nether_wart_block":1,"minecraft:birch_log":120,"minecraft:wheat":258,"minecraft:birch_trapdoor":1,"minecraft:light_gray_wool":2,"minecraft:oak_log":523,"minecraft:dirt":277,"minecraft:netherrack":851,"minecraft:ancient_debris":24,"minecraft:oak_leaves":53,"minecraft:deepslate":1300,"minecraft:nether_gold_ore":15,"minecraft:red_carpet":2,"minecraft:tuff":139,"minecraft:deepslate_diamond_ore":305,"minecraft:oak_door":1,"minecraft:dark_oak_log":23,"minecraft:ladder":2,"minecraft:deepslate_brick_slab":9,"minecraft:oak_trapdoor":1,"minecraft:furnace":2,"minecraft:carrots":44,"minecraft:peony":2,"minecraft:bookshelf":54,"minecraft:potatoes":70,"minecraft:deepslate_iron_ore":24,"minecraft:cobblestone_slab":1,"minecraft:rail":9,"minecraft:stone":1046,"minecraft:bone_block":17,"minecraft:birch_pressure_plate":3,"minecraft:oak_slab":1,"minecraft:glass_pane":5,"minecraft:stripped_dark_oak_log":1,"minecraft:crafting_table":4,"minecraft:short_grass":265,"minecraft:lectern":217,"minecraft:copper_ore":4,"minecraft:deepslate_gold_ore":50,"minecraft:sculk":1,"minecraft:birch_planks":13,"minecraft:redstone_torch":1,"minecraft:white_carpet":2,"minecraft:birch_leaves":3,"minecraft:black_wool":6,"minecraft:coal_ore":177,"minecraft:gravel":44,"minecraft:stone_bricks":75,"minecraft:gold_ore":5,"minecraft:fern":1}},"DataVersion":3839}