{"stats":{"minecraft:picked_up":{"minecraft:seagrass":17,"minecraft:iron_chestplate":11,"minecraft:anvil":1,"minecraft:flower_pot":4,"minecraft:prismarine_shard":11,"minecraft:smithing_table":3,"minecraft:lead":60,"minecraft:diamond_sword":58,"minecraft:oak_stairs":477,"minecraft:enchanted_book":61,"minecraft:brewing_stand":2,"minecraft:golden_sword":1,"minecraft:amethyst_block":2,"minecraft:music_disc_cat":2,"minecraft:string":4136,"minecraft:soul_soil":59,"minecraft:shroomlight":50,"minecraft:beetroot":60,"minecraft:cherry_boat":3,"minecraft:diamond_leggings":19,"minecraft:gold_nugget":479,"minecraft:cobbled_deepslate":1595,"minecraft:spruce_planks":114,"minecraft:warped_slab":10,"minecraft:netherite_upgrade_smithing_template":8,"minecraft:azalea_leaves":227,"minecraft:melon_slice":5,"minecraft:music_disc_blocks":1,"minecraft:composter":4,"minecraft:big_dripleaf":8,"minecraft:acacia_log":22,"minecraft:purpur_pillar":1,"minecraft:green_bed":5,"minecraft:brick_wall":5,"minecraft:lightning_rod":1,"minecraft:cherry_log":391,"minecraft:cauldron":4,"minecraft:stone_sword":3,"minecraft:light_blue_wool":1,"minecraft:salmon_bucket":2,"minecraft:tropical_fish":16,"minecraft:blackstone_wall":8,"minecraft:armadillo_scute":19,"minecraft:iron_block":24,"minecraft:bookshelf":3,"minecraft:end_rod":69,"minecraft:white_terracotta":91,"minecraft:netherite_chestplate":6,"minecraft:blaze_rod":48,"minecraft:iron_bars":25,"minecraft:snowball":40,"minecraft:birch_log":323,"minecraft:water_bucket":34,"minecraft:magma_block":1,"minecraft:birch_slab":50,"minecraft:cooked_beef":78,"minecraft:feather":30,"minecraft:oxidized_copper":2,"minecraft:iron_door":2,"minecraft:cherry_leaves":211,"minecraft:jungle_log":11,"minecraft:brown_wool":1,"minecraft:dark_oak_boat":1,"minecraft:copper_block":2,"minecraft:smoker":6,"minecraft:flint":10,"minecraft:cherry_fence":32,"minecraft:purple_stained_glass":4,"minecraft:netherite_leggings":6,"minecraft:map":9,"minecraft:lantern":46,"minecraft:stonecutter":7,"minecraft:diamond_helmet":39,"minecraft:glowstone_dust":84,"minecraft:moss_block":151,"minecraft:honeycomb":42,"minecraft:birch_fence_gate":45,"minecraft:stripped_spruce_log":11,"minecraft:ink_sac":2,"minecraft:loom":1,"minecraft:acacia_stairs":18,"minecraft:dark_oak_log":2,"minecraft:barrel":8,"minecraft:polished_andesite":1,"minecraft:miner_pottery_sherd":1,"minecraft:writable_book":7,"minecraft:granite":59,"minecraft:bread":199,"minecraft:rooted_dirt":11,"minecraft:plenty_pottery_sherd":1,"minecraft:cherry_slab":41,"minecraft:dark_oak_fence":18,"minecraft:crimson_roots":8,"minecraft:diamond_pickaxe":39,"minecraft:crafting_table":47,"minecraft:nether_wart":49,"minecraft:clay_ball":303,"minecraft:leather_leggings":1,"minecraft:stripped_cherry_log":61,"minecraft:dragon_head":4,"minecraft:purpur_block":7,"minecraft:cornflower":43,"minecraft:red_bed":7,"minecraft:elytra":2,"minecraft:flint_and_steel":21,"minecraft:compass":6,"minecraft:white_carpet":88,"minecraft:iron_shovel":20,"minecraft:glass_pane":10,"minecraft:cracked_stone_bricks":3,"minecraft:beef":119,"minecraft:iron_nugget":20,"minecraft:poppy":271,"minecraft:spruce_slab":305,"minecraft:minecart":5,"minecraft:quartz_stairs":41,"minecraft:chest":42,"minecraft:birch_sapling":25,"minecraft:piston":1,"minecraft:diamond_hoe":1,"minecraft:egg":49,"minecraft:sandstone":652,"minecraft:stone":92,"minecraft:oak_door":12,"minecraft:spruce_fence":4,"minecraft:carrot":1182,"minecraft:redstone":171,"minecraft:prismarine_crystals":17,"minecraft:tnt":18,"minecraft:stone_shovel":10,"minecraft:diamond_chestplate":30,"minecraft:beetroot_seeds":155,"minecraft:peony":16,"minecraft:diamond_boots":11,"minecraft:shears":18,"minecraft:deepslate_bricks":374,"minecraft:hay_block":3,"minecraft:sandstone_stairs":1,"minecraft:gold_ingot":10,"minecraft:totem_of_undying":104,"minecraft:glow_berries":14,"minecraft:mutton":40,"minecraft:white_wool":222,"minecraft:rail":109,"minecraft:oxeye_daisy":8,"minecraft:stripped_oak_log":6,"minecraft:lime_bed":6,"minecraft:tripwire_hook":1,"minecraft:red_mushroom":4,"minecraft:filled_map":2,"minecraft:purpur_stairs":1,"minecraft:oak_log":304,"minecraft:lily_pad":42,"minecraft:ancient_debris":32,"minecraft:golden_boots":9,"minecraft:blue_bed":6,"minecraft:paper":99,"minecraft:white_banner":127,"minecraft:birch_pressure_plate":1,"minecraft:apple":10,"minecraft:stone_bricks":296,"minecraft:kelp":195,"minecraft:spore_blossom":3,"minecraft:oak_fence_gate":1,"minecraft:stone_pickaxe":4,"minecraft:cherry_sign":1,"minecraft:glass_bottle":99,"minecraft:iron_sword":13,"minecraft:flowering_azalea":11,"minecraft:smooth_basalt":10,"minecraft:milk_bucket":11,"minecraft:sweet_berries":7,"minecraft:torchflower_seeds":1,"minecraft:gravel":75,"minecraft:birch_stairs":2,"minecraft:spruce_sapling":19,"minecraft:spruce_log":364,"minecraft:crying_obsidian":1,"minecraft:leather_helmet":2,"minecraft:firework_rocket":21,"minecraft:diamond_shovel":20,"minecraft:purple_bed":4,"minecraft:purple_glazed_terracotta":4,"minecraft:stone_axe":9,"minecraft:short_grass":1,"minecraft:diamond_axe":32,"minecraft:birch_sign":2,"minecraft:oak_button":2,"minecraft:baked_potato":676,"minecraft:melon_seeds":5,"minecraft:stripped_dark_oak_log":1,"minecraft:pink_dye":1,"minecraft:hopper":5,"minecraft:ender_pearl":168,"minecraft:shulker_shell":19,"minecraft:wheat":421,"minecraft:ender_chest":1,"minecraft:nether_brick_fence":16,"minecraft:yellow_wool":1,"minecraft:potion":18,"minecraft:stone_brick_stairs":73,"minecraft:crimson_planks":12,"minecraft:raw_copper":38,"minecraft:iron_leggings":20,"minecraft:sticky_piston":4,"minecraft:oak_sign":22,"minecraft:comparator":10,"minecraft:bucket":11,"minecraft:red_dye":47,"minecraft:redstone_torch":8,"minecraft:azalea":43,"minecraft:wooden_shovel":1,"minecraft:iron_pickaxe":29,"minecraft:iron_boots":30,"minecraft:furnace":10,"minecraft:stick":425,"minecraft:deepslate_brick_wall":57,"minecraft:birch_trapdoor":2,"minecraft:oak_fence":51,"minecraft:torch":461,"minecraft:spruce_stairs":14,"minecraft:porkchop":44,"minecraft:netherite_shovel":2,"minecraft:target":2,"minecraft:pointed_dripstone":6,"minecraft:diorite":46,"minecraft:vine":207,"minecraft:sniffer_egg":2,"minecraft:quartz_block":682,"minecraft:cactus":17,"minecraft:rotten_flesh":342,"minecraft:deepslate_brick_stairs":42,"minecraft:obsidian":53,"minecraft:cod":66,"minecraft:blaze_powder":10,"minecraft:cobblestone":2074,"minecraft:enchanting_table":1,"minecraft:pink_petals":314,"minecraft:leather_chestplate":1,"minecraft:lilac":1,"minecraft:magma_cream":19,"minecraft:cherry_planks":137,"minecraft:andesite":78,"minecraft:black_bed":4,"minecraft:beacon":1,"minecraft:potato":424,"minecraft:tuff":53,"minecraft:warped_trapdoor":3,"minecraft:prismarine_bricks":12,"minecraft:stripped_birch_log":2,"minecraft:lapis_lazuli":124,"minecraft:dirt":7376,"minecraft:polished_granite":1,"minecraft:name_tag":11,"minecraft:leather_boots":3,"minecraft:glass":294,"minecraft:bone":223,"minecraft:acacia_planks":2,"minecraft:cobbled_deepslate_slab":380,"minecraft:bow":39,"minecraft:cobbled_deepslate_wall":4,"minecraft:wheat_seeds":1492,"minecraft:pink_banner":4,"minecraft:deepslate_brick_slab":30,"minecraft:raw_gold":22,"minecraft:bell":3,"minecraft:grindstone":4,"minecraft:mossy_stone_bricks":4,"minecraft:fletching_table":3,"minecraft:bamboo":573,"minecraft:prismarine":4,"minecraft:stone_hoe":4,"minecraft:oak_planks":603,"minecraft:mossy_stone_brick_stairs":17,"minecraft:cooked_porkchop":46,"minecraft:music_disc_13":1,"minecraft:axolotl_bucket":4,"minecraft:oak_pressure_plate":1,"minecraft:poisonous_potato":8,"minecraft:jungle_planks":17,"minecraft:sand":498,"minecraft:grass_block":3,"minecraft:spectral_arrow":14,"minecraft:chiseled_sandstone":26,"minecraft:shulker_box":1,"minecraft:mossy_cobblestone":65,"minecraft:sugar":43,"minecraft:clay":2,"minecraft:diamond":258,"minecraft:netherite_helmet":6,"minecraft:crossbow":49,"minecraft:bone_meal":404,"minecraft:golden_apple":1,"minecraft:emerald":943,"minecraft:oak_sapling":46,"minecraft:chorus_fruit":66,"minecraft:netherrack":7410,"minecraft:oak_leaves":175,"minecraft:nether_star":5,"minecraft:charcoal":4,"minecraft:end_stone_bricks":2,"minecraft:fishing_rod":8,"minecraft:cocoa_beans":18,"minecraft:azure_bluet":2,"minecraft:splash_potion":3,"minecraft:chicken":25,"minecraft:ladder":54,"minecraft:brown_mushroom":2,"minecraft:wooden_pickaxe":1,"minecraft:pink_wool":1,"minecraft:gold_block":3,"minecraft:chain":80,"minecraft:shield":21,"minecraft:oak_trapdoor":16,"minecraft:moss_carpet":29,"minecraft:iron_axe":55,"minecraft:item_frame":6,"minecraft:birch_fence":62,"minecraft:blackstone":172,"minecraft:andesite_stairs":1,"minecraft:oak_boat":30,"minecraft:lectern":17,"minecraft:sugar_cane":52,"minecraft:spruce_trapdoor":80,"minecraft:cherry_trapdoor":24,"minecraft:phantom_membrane":30,"minecraft:raw_iron":66,"minecraft:end_stone":11,"minecraft:cherry_stairs":89,"minecraft:copper_ingot":10,"minecraft:flowering_azalea_leaves":180,"minecraft:polished_blackstone_bricks":2,"minecraft:cookie":21,"minecraft:trident":4,"minecraft:iron_horse_armor":1,"minecraft:stone_pressure_plate":1,"minecraft:dark_oak_planks":3,"minecraft:arrow":822,"minecraft:weeping_vines":2,"minecraft:pumpkin_pie":2,"minecraft:nether_bricks":34,"minecraft:saddle":10,"minecraft:wet_sponge":8,"minecraft:netherite_boots":6,"minecraft:purple_dye":12,"minecraft:basalt":14,"minecraft:crimson_stem":41,"minecraft:golden_carrot":340,"minecraft:glow_ink_sac":11,"minecraft:salmon":49,"minecraft:cut_sandstone":107,"minecraft:leather":108,"minecraft:birch_planks":624,"minecraft:wolf_armor":1,"minecraft:chainmail_chestplate":1,"minecraft:cobbled_deepslate_stairs":27,"minecraft:nether_wart_block":21,"minecraft:yellow_bed":6,"minecraft:cobblestone_wall":9,"minecraft:gunpowder":76,"minecraft:cobblestone_stairs":4,"minecraft:wooden_hoe":3,"minecraft:orange_terracotta":3,"minecraft:cooked_mutton":72,"minecraft:red_carpet":39,"minecraft:iron_ingot":102,"minecraft:soul_sand":33,"minecraft:book":2140,"minecraft:oak_slab":14,"minecraft:tropical_fish_bucket":1,"minecraft:scaffolding":375,"minecraft:pink_bed":6,"minecraft:warped_fungus":5,"minecraft:emerald_block":49,"minecraft:birch_boat":6,"minecraft:pumpkin":4,"minecraft:chiseled_stone_bricks":1,"minecraft:brush":3,"minecraft:stone_brick_slab":22,"minecraft:quartz":378,"minecraft:dandelion":194,"minecraft:lava_bucket":1,"minecraft:blast_furnace":1,"minecraft:white_bed":84,"minecraft:spruce_door":11,"minecraft:mossy_stone_brick_slab":70,"minecraft:spider_eye":112,"minecraft:lime_banner":2,"minecraft:lime_dye":1,"minecraft:honey_block":3,"minecraft:iron_helmet":12,"minecraft:cherry_sapling":37,"minecraft:acacia_slab":57,"minecraft:black_wool":1,"minecraft:coal":348},"minecraft:used":{"minecraft:peony":15,"minecraft:moss_block":2,"minecraft:writable_book":14,"minecraft:spruce_slab":624,"minecraft:ladder":28,"minecraft:poppy":61,"minecraft:chest":13,"minecraft:rotten_flesh":4,"minecraft:stone":32,"minecraft:quartz_stairs":29,"minecraft:soul_sand":7,"minecraft:snowball":5,"minecraft:stripped_spruce_log":5,"minecraft:deepslate_brick_slab":64,"minecraft:honeycomb":39,"minecraft:spruce_boat":1,"minecraft:netherite_shovel":15,"minecraft:honey_block":3,"minecraft:lava_bucket":3,"minecraft:lime_banner":2,"minecraft:grass_block":12,"minecraft:birch_sapling":1,"minecraft:quartz_block":717,"minecraft:cherry_leaves":99,"minecraft:stone_brick_stairs":124,"minecraft:netherite_boots":3,"minecraft:bow":356,"minecraft:dark_oak_boat":1,"minecraft:furnace":9,"minecraft:oak_sapling":2,"minecraft:cooked_cod":1,"minecraft:egg":24,"minecraft:potato":149,"minecraft:spruce_door":3,"minecraft:warped_fungus_on_a_stick":31,"minecraft:diorite":3,"minecraft:end_stone_bricks":2,"minecraft:deepslate_brick_wall":14,"minecraft:mossy_stone_bricks":8,"minecraft:brick_wall":3,"minecraft:stripped_birch_log":2,"minecraft:chorus_fruit":1,"minecraft:blackstone":5,"minecraft:cactus":3,"minecraft:mossy_stone_brick_stairs":57,"minecraft:composter":2,"minecraft:clay":5,"minecraft:purpur_pillar":1,"minecraft:oak_leaves":83,"minecraft:cookie":19,"minecraft:glow_berries":3,"minecraft:sand":34,"minecraft:blast_furnace":1,"minecraft:netherite_helmet":2,"minecraft:oxidized_cut_copper_slab":8,"minecraft:camel_spawn_egg":2,"minecraft:deepslate_brick_stairs":35,"minecraft:lightning_rod":1,"minecraft:birch_fence":117,"minecraft:crying_obsidian":1,"minecraft:birch_slab":190,"minecraft:lectern":15,"minecraft:cherry_sign":2,"minecraft:flowering_azalea_leaves":117,"minecraft:lilac":1,"minecraft:nether_wart_block":17,"minecraft:diamond_sword":2846,"minecraft:smithing_table":1,"minecraft:poisonous_potato":1,"minecraft:white_stained_glass":111,"minecraft:birch_log":51,"minecraft:oak_boat":30,"minecraft:oak_trapdoor":3,"minecraft:iron_bars":165,"minecraft:enchanting_table":1,"minecraft:netherrack":893,"minecraft:torch":640,"minecraft:brewing_stand":2,"minecraft:anvil":4,"minecraft:target":3,"minecraft:cod_bucket":1,"minecraft:shroomlight":23,"minecraft:flowering_azalea":2,"minecraft:rooted_dirt":10,"minecraft:iron_block":5,"minecraft:iron_axe":815,"minecraft:cherry_slab":133,"minecraft:totem_of_undying":34,"minecraft:barrel":15,"minecraft:bamboo":19,"minecraft:diamond_chestplate":4,"minecraft:glowstone":7,"minecraft:cobbled_deepslate":278,"minecraft:acacia_planks":67,"minecraft:cherry_fence":102,"minecraft:cherry_log":167,"minecraft:wheat_seeds":525,"minecraft:water_bucket":864,"minecraft:chiseled_bookshelf":4,"minecraft:birch_planks":589,"minecraft:lead":4,"minecraft:cherry_planks":275,"minecraft:cauldron":3,"minecraft:leather_boots":1,"minecraft:glow_ink_sac":16,"minecraft:fletching_table":4,"minecraft:deepslate_bricks":373,"minecraft:mossy_cobblestone":34,"minecraft:rail":39,"minecraft:comparator":10,"minecraft:red_bed":9,"minecraft:oak_slab":127,"minecraft:crafting_table":39,"minecraft:birch_sign":1,"minecraft:cod":1,"minecraft:white_bed":65,"minecraft:spruce_log":199,"minecraft:oak_log":1,"minecraft:oxeye_daisy":3,"minecraft:diamond_pickaxe":16579,"minecraft:cornflower":6,"minecraft:warped_trapdoor":11,"minecraft:diamond_shovel":2535,"minecraft:oak_button":2,"minecraft:iron_pickaxe":2350,"minecraft:spruce_trapdoor":93,"minecraft:spruce_sapling":11,"minecraft:pink_bed":7,"minecraft:cobblestone":536,"minecraft:azalea_leaves":46,"minecraft:purple_bed":5,"minecraft:cooked_porkchop":54,"minecraft:andesite_stairs":3,"minecraft:glass_pane":53,"minecraft:brush":137,"minecraft:kelp":47,"minecraft:dandelion":8,"minecraft:diamond_leggings":4,"minecraft:cherry_sapling":23,"minecraft:iron_shovel":1558,"minecraft:oak_sign":22,"minecraft:diamond_hoe":1564,"minecraft:shield":16,"minecraft:white_terracotta":25,"minecraft:iron_sword":175,"minecraft:nether_wart":15,"minecraft:bell":4,"minecraft:mossy_stone_brick_slab":20,"minecraft:iron_chestplate":1,"minecraft:carrot":435,"minecraft:tuff":4,"minecraft:axolotl_bucket":5,"minecraft:obsidian":35,"minecraft:milk_bucket":13,"minecraft:honey_bottle":2,"minecraft:glass":105,"minecraft:lantern":78,"minecraft:iron_helmet":2,"minecraft:stone_bricks":314,"minecraft:item_frame":3,"minecraft:golden_sword":16,"minecraft:red_carpet":60,"minecraft:birch_trapdoor":2,"minecraft:magma_block":1,"minecraft:hay_block":10,"minecraft:scaffolding":349,"minecraft:beetroot_seeds":94,"minecraft:gold_block":1,"minecraft:golden_boots":4,"minecraft:end_rod":16,"minecraft:diamond_boots":2,"minecraft:wither_skeleton_skull":2,"minecraft:stone_pickaxe":224,"minecraft:oak_planks":308,"minecraft:ender_pearl":69,"minecraft:sandstone":20,"minecraft:sugar_cane":1,"minecraft:diamond_axe":3485,"minecraft:blue_bed":7,"minecraft:white_wool":146,"minecraft:netherite_leggings":2,"minecraft:loom":1,"minecraft:cobbled_deepslate_stairs":86,"minecraft:crossbow":2,"minecraft:black_bed":5,"minecraft:end_stone":7,"minecraft:shears":718,"minecraft:redstone_torch":5,"minecraft:sticky_piston":4,"minecraft:bread":307,"minecraft:dark_oak_log":1,"minecraft:firework_rocket":110,"minecraft:string":2,"minecraft:brown_wool":17,"minecraft:birch_fence_gate":83,"minecraft:warped_slab":10,"minecraft:iron_door":2,"minecraft:andesite":78,"minecraft:oak_fence":24,"minecraft:grindstone":3,"minecraft:cherry_boat":3,"minecraft:purpur_block":7,"minecraft:chain":66,"minecraft:trident":16,"minecraft:bone_meal":340,"minecraft:azalea":18,"minecraft:stripped_cherry_log":59,"minecraft:tropical_fish_bucket":21,"minecraft:tropical_fish":1,"minecraft:flint_and_steel":95,"minecraft:stone_shovel":784,"minecraft:redstone":16,"minecraft:spruce_planks":78,"minecraft:cooked_chicken":6,"minecraft:oak_door":13,"minecraft:dirt":7974,"minecraft:spyglass":108,"minecraft:white_carpet":117,"minecraft:hopper":5,"minecraft:shulker_box":1,"minecraft:spruce_stairs":87,"minecraft:cobblestone_wall":6,"minecraft:diamond_helmet":7,"minecraft:spruce_fence":36,"minecraft:salmon_bucket":13,"minecraft:allay_spawn_egg":6,"minecraft:granite":5,"minecraft:dark_oak_planks":1,"minecraft:stone_brick_slab":56,"minecraft:bookshelf":21,"minecraft:oak_stairs":561,"minecraft:acacia_slab":99,"minecraft:cherry_trapdoor":101,"minecraft:iron_boots":8,"minecraft:crimson_planks":26,"minecraft:golden_carrot":173,"minecraft:emerald_block":11,"minecraft:white_stained_glass_pane":33,"minecraft:minecart":6,"minecraft:cooked_beef":65,"minecraft:pumpkin":4,"minecraft:light_gray_bed":1,"minecraft:iron_leggings":4,"minecraft:cobbled_deepslate_wall":38,"minecraft:cooked_mutton":63,"minecraft:amethyst_block":3,"minecraft:cobblestone_stairs":1,"minecraft:polished_andesite":9,"minecraft:baked_potato":326,"minecraft:glass_bottle":5,"minecraft:netherite_chestplate":1,"minecraft:pink_banner":4,"minecraft:birch_boat":7,"minecraft:copper_block":4,"minecraft:sniffer_egg":1,"minecraft:beacon":1,"minecraft:stonecutter":7,"minecraft:green_bed":6,"minecraft:warped_roots":1,"minecraft:glow_item_frame":8,"minecraft:music_disc_cat":1,"minecraft:stripped_dark_oak_log":1,"minecraft:lime_bed":7,"minecraft:spider_eye":1,"minecraft:flower_pot":4,"minecraft:smoker":6,"minecraft:purple_stained_glass":141,"minecraft:acacia_stairs":114,"minecraft:apple":5,"minecraft:cherry_door":4,"minecraft:map":5,"minecraft:stone_axe":438,"minecraft:pink_petals":256,"minecraft:fishing_rod":1,"minecraft:cherry_stairs":263,"minecraft:cobbled_deepslate_slab":257,"minecraft:white_banner":20,"minecraft:bucket":908,"minecraft:lapis_block":2,"minecraft:pumpkin_pie":234,"minecraft:yellow_bed":7,"minecraft:gray_wool":11,"minecraft:birch_stairs":2},"minecraft:broken":{"minecraft:golden_boots":3,"minecraft:diamond_helmet":3,"minecraft:shears":2,"minecraft:iron_boots":4,"minecraft:iron_leggings":2,"minecraft:golden_sword":1,"minecraft:diamond_shovel":1,"minecraft:diamond_pickaxe":1,"minecraft:bow":1,"minecraft:diamond_leggings":1,"minecraft:brush":4,"minecraft:iron_axe":5,"minecraft:iron_pickaxe":11,"minecraft:iron_helmet":2,"minecraft:iron_shovel":8,"minecraft:diamond_boots":1,"minecraft:stone_axe":4,"minecraft:stone_shovel":6,"minecraft:diamond_hoe":1},"minecraft:killed":{"minecraft:shulker":10,"minecraft:skeleton":86,"minecraft:guardian":8,"minecraft:chicken":18,"minecraft:magma_cube":8,"minecraft:elder_guardian":1,"minecraft:salmon":40,"minecraft:iron_golem":1,"minecraft:pillager":255,"minecraft:donkey":2,"minecraft:zombie":104,"minecraft:glow_squid":1,"minecraft:cow":54,"minecraft:evoker":40,"minecraft:vindicator":177,"minecraft:husk":1,"minecraft:ravager":2,"minecraft:enderman":306,"minecraft:zombified_piglin":4,"minecraft:witch":38,"minecraft:spider":41,"minecraft:wither":1,"minecraft:bee":4,"minecraft:turtle":2,"minecraft:piglin":2,"minecraft:pig":20,"minecraft:strider":1,"minecraft:creeper":10,"minecraft:sheep":21,"minecraft:blaze":5,"minecraft:vex":12,"minecraft:phantom":8,"minecraft:drowned":8,"minecraft:bat":1,"minecraft:hoglin":2,"minecraft:wither_skeleton":5,"minecraft:villager":20},"minecraft:mined":{"minecraft:dark_oak_planks":5,"minecraft:white_bed":70,"minecraft:pink_bed":6,"minecraft:cherry_log":299,"minecraft:obsidian":30,"minecraft:granite":11,"minecraft:acacia_log":22,"minecraft:oak_pressure_plate":1,"minecraft:deepslate_bricks":180,"minecraft:oxeye_daisy":4,"minecraft:oak_wall_sign":10,"minecraft:hopper":3,"minecraft:nether_wart":15,"minecraft:weeping_vines_plant":3,"minecraft:polished_blackstone_bricks":2,"minecraft:tall_seagrass":21,"minecraft:magma_block":7,"minecraft:sticky_piston":5,"minecraft:cobbled_deepslate":95,"minecraft:barrel":7,"minecraft:fire":208,"minecraft:moss_carpet":2,"minecraft:pumpkin":4,"minecraft:fletching_table":3,"minecraft:enchanting_table":1,"minecraft:potted_dandelion":3,"minecraft:cave_vines":8,"minecraft:dirt_path":50,"minecraft:oak_stairs":501,"minecraft:deepslate_brick_stairs":10,"minecraft:white_banner":12,"minecraft:iron_block":2,"minecraft:tripwire":3,"minecraft:cut_sandstone":136,"minecraft:red_bed":5,"minecraft:kelp_plant":22,"minecraft:smoker":6,"minecraft:deepslate_brick_wall":14,"minecraft:soul_fire":2,"minecraft:powder_snow":19,"minecraft:torch":84,"minecraft:blast_furnace":1,"minecraft:oxidized_copper":2,"minecraft:melon":1,"minecraft:dead_bush":2,"minecraft:glass":21,"minecraft:sugar_cane":2,"minecraft:amethyst_block":2,"minecraft:cherry_slab":27,"minecraft:white_terracotta":1,"minecraft:chain":22,"minecraft:cherry_fence":31,"minecraft:wheat":463,"minecraft:lilac":1,"minecraft:black_bed":3,"minecraft:warped_fungus":5,"minecraft:stone_brick_stairs":36,"minecraft:copper_block":2,"minecraft:oak_fence_gate":1,"minecraft:smooth_basalt":3,"minecraft:stonecutter":6,"minecraft:piston":1,"minecraft:deepslate":1019,"minecraft:suspicious_gravel":1,"minecraft:mossy_cobblestone":66,"minecraft:stripped_birch_log":2,"minecraft:dark_oak_log":2,"minecraft:potted_flowering_azalea_bush":1,"minecraft:shulker_box":1,"minecraft:sea_lantern":4,"minecraft:end_stone":6,"minecraft:cobbled_deepslate_slab":48,"minecraft:nether_bricks":25,"minecraft:birch_fence_gate":21,"minecraft:dark_oak_fence":4,"minecraft:spruce_fence":4,"minecraft:crimson_roots":6,"minecraft:redstone_wire":16,"minecraft:kelp":14,"minecraft:moss_block":97,"minecraft:cherry_wall_sign":1,"minecraft:andesite":13,"minecraft:mossy_stone_brick_stairs":16,"minecraft:potatoes":163,"minecraft:vine":142,"minecraft:rail":31,"minecraft:bamboo_sapling":14,"minecraft:bamboo":47,"minecraft:warped_trapdoor":3,"minecraft:white_wool":2,"minecraft:smithing_table":1,"minecraft:oak_slab":11,"minecraft:glass_pane":3,"minecraft:cherry_planks":89,"minecraft:comparator":11,"minecraft:soul_sand":19,"minecraft:stone_brick_slab":2,"minecraft:dandelion":25,"minecraft:cornflower":36,"minecraft:cobbled_deepslate_wall":5,"minecraft:short_grass":811,"minecraft:copper_ore":5,"minecraft:lightning_rod":1,"minecraft:purpur_pillar":6,"minecraft:tall_grass":57,"minecraft:deepslate_gold_ore":10,"minecraft:diorite":18,"minecraft:big_dripleaf":1,"minecraft:purple_bed":4,"minecraft:purple_stained_glass":4,"minecraft:white_carpet":65,"minecraft:spruce_log":264,"minecraft:birch_leaves":59,"minecraft:gravel":59,"minecraft:cobweb":15,"minecraft:acacia_planks":1,"minecraft:birch_sign":1,"minecraft:oak_button":1,"minecraft:stone_bricks":11,"minecraft:gold_ore":1,"minecraft:fern":78,"minecraft:spruce_planks":12,"minecraft:farmland":10,"minecraft:oak_sapling":3,"minecraft:stone_pressure_plate":1,"minecraft:cobbled_deepslate_stairs":35,"minecraft:mossy_stone_brick_slab":5,"minecraft:sculk_vein":168,"minecraft:cobblestone_stairs":3,"minecraft:brewing_stand":2,"minecraft:cherry_trapdoor":23,"minecraft:spruce_trapdoor":40,"minecraft:cave_vines_plant":7,"minecraft:grass_block":2947,"minecraft:composter":1,"minecraft:sandstone_stairs":3,"minecraft:glowstone":1,"minecraft:iron_ore":24,"minecraft:target":2,"minecraft:anvil":1,"minecraft:pointed_dripstone":1,"minecraft:flowering_azalea_leaves":144,"minecraft:iron_bars":26,"minecraft:azalea_leaves":190,"minecraft:azalea":2,"minecraft:end_stone_bricks":2,"minecraft:green_bed":4,"minecraft:spruce_slab":89,"minecraft:deepslate_redstone_ore":8,"minecraft:quartz_block":248,"minecraft:blackstone":84,"minecraft:orange_terracotta":3,"minecraft:purpur_stairs":2,"minecraft:clay":72,"minecraft:calcite":4,"minecraft:poppy":71,"minecraft:chest":28,"minecraft:nether_quartz_ore":605,"minecraft:cobblestone":325,"minecraft:prismarine":5,"minecraft:grindstone":4,"minecraft:oak_planks":308,"minecraft:iron_door":2,"minecraft:wall_torch":61,"minecraft:cauldron":3,"minecraft:pink_petals":114,"minecraft:seagrass":22,"minecraft:light_blue_terracotta":1,"minecraft:nether_wart_block":21,"minecraft:birch_log":274,"minecraft:tnt":10,"minecraft:purpur_block":10,"minecraft:oak_log":222,"minecraft:beetroots":65,"minecraft:sand":332,"minecraft:dirt":1767,"minecraft:crimson_planks":2,"minecraft:pink_banner":4,"minecraft:netherrack":11793,"minecraft:ancient_debris":26,"minecraft:oak_leaves":334,"minecraft:crying_obsidian":1,"minecraft:nether_gold_ore":81,"minecraft:diamond_ore":3,"minecraft:tuff":43,"minecraft:red_carpet":26,"minecraft:oak_door":8,"minecraft:quartz_stairs":17,"minecraft:blackstone_wall":2,"minecraft:deepslate_diamond_ore":48,"minecraft:stripped_cherry_log":59,"minecraft:ladder":4,"minecraft:chiseled_bookshelf":2,"minecraft:white_stained_glass":1,"minecraft:birch_slab":21,"minecraft:spruce_leaves":55,"minecraft:acacia_slab":13,"minecraft:rooted_dirt":8,"minecraft:sandstone":2634,"minecraft:crimson_stem":23,"minecraft:hay_block":3,"minecraft:deepslate_brick_slab":23,"minecraft:spore_blossom":1,"minecraft:oak_trapdoor":6,"minecraft:furnace":10,"minecraft:carrots":352,"minecraft:chiseled_sandstone":32,"minecraft:acacia_stairs":10,"minecraft:stripped_spruce_log":11,"minecraft:peony":13,"minecraft:bell":1,"minecraft:nether_brick_fence":3,"minecraft:bookshelf":36,"minecraft:lime_wall_banner":2,"minecraft:shroomlight":31,"minecraft:deepslate_iron_ore":33,"minecraft:lantern":35,"minecraft:stripped_oak_log":3,"minecraft:wet_sponge":10,"minecraft:chorus_plant":2,"minecraft:stone":751,"minecraft:cherry_stairs":52,"minecraft:podzol":2,"minecraft:scaffolding":73,"minecraft:flowering_azalea":7,"minecraft:magenta_stained_glass":2,"minecraft:brick_wall":1,"minecraft:spruce_door":5,"minecraft:stripped_dark_oak_log":1,"minecraft:basalt":19,"minecraft:polished_granite":1,"minecraft:oak_fence":25,"minecraft:crafting_table":30,"minecraft:honey_block":3,"minecraft:sculk_sensor":4,"minecraft:lectern":14,"minecraft:deepslate_coal_ore":5,"minecraft:lily_pad":40,"minecraft:sculk":1397,"minecraft:blue_bed":6,"minecraft:spruce_stairs":15,"minecraft:prismarine_bricks":17,"minecraft:birch_planks":378,"minecraft:cactus":9,"minecraft:lime_bed":6,"minecraft:redstone_torch":4,"minecraft:sweet_berry_bush":1,"minecraft:white_wall_banner":3,"minecraft:bee_nest":1,"minecraft:yellow_bed":5,"minecraft:coal_ore":73,"minecraft:cocoa":3,"minecraft:cherry_leaves":244,"minecraft:end_rod":11,"minecraft:cracked_stone_bricks":3,"minecraft:polished_andesite":1,"minecraft:mossy_stone_bricks":2,"minecraft:birch_fence":17,"minecraft:warped_slab":10},"minecraft:killed_by":{"minecraft:pillager":1,"minecraft:ravager":1,"minecraft:vindicator":8,"minecraft:zombie":1,"minecraft:vex":6,"minecraft:evoker":1,"minecraft:creeper":1,"minecraft:player":12,"minecraft:enderman":1,"minecraft:skeleton":1},"minecraft:dropped":{"minecraft:iron_sword":3,"minecraft:porkchop":5,"minecraft:lapis_lazuli":1,"minecraft:cooked_beef":3,"minecraft:chorus_fruit":13,"minecraft:glass_bottle":2,"minecraft:diamond":13,"minecraft:crafting_table":1,"minecraft:cooked_porkchop":1,"minecraft:crossbow":13,"minecraft:cookie":2,"minecraft:rooted_dirt":1,"minecraft:mossy_stone_brick_stairs":4,"minecraft:cracked_stone_bricks":3,"minecraft:saddle":1,"minecraft:rail":34,"minecraft:leather_helmet":2,"minecraft:red_carpet":1,"minecraft:red_mushroom":2,"minecraft:item_frame":1,"minecraft:emerald":375,"minecraft:dirt":588,"minecraft:netherite_boots":4,"minecraft:chain":20,"minecraft:writable_book":7,"minecraft:bone_meal":4,"minecraft:phantom_membrane":16,"minecraft:sand":64,"minecraft:sugar":1,"minecraft:iron_pickaxe":9,"minecraft:dark_oak_planks":1,"minecraft:fishing_rod":1,"minecraft:white_wool":86,"minecraft:bone":37,"minecraft:music_disc_blocks":1,"minecraft:oak_door":1,"minecraft:stone_axe":7,"minecraft:emerald_block":86,"minecraft:sugar_cane":31,"minecraft:cobbled_deepslate":133,"minecraft:pink_dye":1,"minecraft:wheat":9,"minecraft:obsidian":14,"minecraft:rotten_flesh":94,"minecraft:oak_planks":51,"minecraft:netherite_shovel":2,"minecraft:lime_dye":1,"minecraft:glowstone_dust":34,"minecraft:nether_brick_fence":8,"minecraft:azure_bluet":2,"minecraft:white_bed":13,"minecraft:salmon":11,"minecraft:leather_boots":4,"minecraft:leather_leggings":2,"minecraft:stone_brick_stairs":10,"minecraft:lectern":3,"minecraft:egg":2,"minecraft:enchanted_book":4,"minecraft:golden_boots":1,"minecraft:iron_ingot":5,"minecraft:wheat_seeds":265,"minecraft:tnt":18,"minecraft:netherite_chestplate":4,"minecraft:netherite_helmet":4,"minecraft:book":1056,"minecraft:iron_helmet":3,"minecraft:feather":7,"minecraft:cobblestone":210,"minecraft:prismarine_crystals":17,"minecraft:spruce_door":4,"minecraft:purple_dye":42,"minecraft:coal":10,"minecraft:end_rod":35,"minecraft:lava_bucket":1,"minecraft:diamond_horse_armor":1,"minecraft:golden_carrot":35,"minecraft:wooden_hoe":3,"minecraft:blackstone_wall":2,"minecraft:cherry_planks":76,"minecraft:diamond_helmet":5,"minecraft:potion":4,"minecraft:oak_stairs":24,"minecraft:armadillo_scute":1,"minecraft:white_banner":19,"minecraft:red_dye":8,"minecraft:iron_shovel":3,"minecraft:paper":10,"minecraft:string":664,"minecraft:oxidized_copper":1,"minecraft:soul_soil":52,"minecraft:stone_sword":3,"minecraft:cobblestone_wall":8,"minecraft:sticky_piston":1,"minecraft:stone_shovel":6,"minecraft:chicken":8,"minecraft:white_carpet":2,"minecraft:clay_ball":5,"minecraft:iron_boots":4,"minecraft:name_tag":1,"minecraft:oak_sign":1,"minecraft:shears":3,"minecraft:purple_stained_glass":1,"minecraft:wolf_armor":1,"minecraft:diamond_sword":20,"minecraft:potato":137,"minecraft:stone":66,"minecraft:spruce_planks":1,"minecraft:diamond_pickaxe":7,"minecraft:wooden_shovel":1,"minecraft:redstone_torch":1,"minecraft:spider_eye":34,"minecraft:barrel":1,"minecraft:stone_bricks":933,"minecraft:bamboo":3,"minecraft:sandstone":401,"minecraft:bow":8,"minecraft:brown_mushroom":2,"minecraft:moss_block":41,"minecraft:soul_sand":3,"minecraft:birch_planks":62,"minecraft:diamond_axe":9,"minecraft:oak_log":11,"minecraft:baked_potato":51,"minecraft:ender_pearl":2,"minecraft:nether_star":5,"minecraft:netherite_upgrade_smithing_template":1,"minecraft:leather":6,"minecraft:cod":20,"minecraft:cobblestone_stairs":2,"minecraft:music_disc_13":1,"minecraft:cornflower":2,"minecraft:seagrass":5,"minecraft:cut_sandstone":4,"minecraft:snowball":39,"minecraft:pumpkin_pie":6,"minecraft:wet_sponge":8,"minecraft:polished_blackstone_bricks":2,"minecraft:glistering_melon_slice":1,"minecraft:birch_log":67,"minecraft:gold_ingot":8,"minecraft:gravel":42,"minecraft:blackstone":99,"minecraft:beetroot":42,"minecraft:diamond_shovel":4,"minecraft:mossy_stone_brick_slab":61,"minecraft:prismarine":4,"minecraft:cooked_mutton":11,"minecraft:carrot":225,"minecraft:chiseled_stone_bricks":1,"minecraft:poppy":38,"minecraft:leather_chestplate":1,"minecraft:trident":4,"minecraft:gunpowder":6,"minecraft:glowstone":24,"minecraft:beetroot_seeds":7,"minecraft:melon_seeds":5,"minecraft:azalea":10,"minecraft:chest":27,"minecraft:basalt":14,"minecraft:arrow":5,"minecraft:prismarine_bricks":12,"minecraft:scaffolding":22,"minecraft:oak_leaves":1,"minecraft:polished_granite":1,"minecraft:netherrack":2474,"minecraft:firework_rocket":20,"minecraft:stone_hoe":1,"minecraft:water_bucket":19,"minecraft:bread":84,"minecraft:oak_slab":1,"minecraft:vine":72,"minecraft:cherry_log":38,"minecraft:sniffer_egg":1,"minecraft:diamond_leggings":2,"minecraft:poisonous_potato":6,"minecraft:prismarine_shard":11,"minecraft:lead":8,"minecraft:spectral_arrow":1,"minecraft:amethyst_block":2,"minecraft:copper_ingot":1,"minecraft:tropical_fish":12,"minecraft:spruce_stairs":2,"minecraft:stick":153,"minecraft:iron_block":1,"minecraft:deepslate_brick_stairs":1,"minecraft:diorite":13,"minecraft:milk_bucket":1,"minecraft:torch":71,"minecraft:nether_wart_block":1,"minecraft:melon_slice":5,"minecraft:fire_charge":1,"minecraft:iron_leggings":2,"minecraft:pink_banner":2,"minecraft:iron_axe":20,"minecraft:tripwire_hook":1,"minecraft:bucket":5,"minecraft:music_disc_cat":1,"minecraft:dandelion":28,"minecraft:smooth_basalt":2,"minecraft:redstone":3,"minecraft:kelp":63,"minecraft:dragon_head":2,"minecraft:blaze_rod":3,"minecraft:tuff":1,"minecraft:raw_iron":1,"minecraft:wither_skeleton_skull":1,"minecraft:comparator":1,"minecraft:stripped_oak_log":19,"minecraft:totem_of_undying":2,"minecraft:netherite_leggings":4,"minecraft:flint_and_steel":4,"minecraft:filled_map":2,"minecraft:shield":1,"minecraft:diamond_chestplate":3,"minecraft:orange_terracotta":1,"minecraft:iron_chestplate":1,"minecraft:andesite":10,"minecraft:mossy_stone_bricks":4,"minecraft:oak_boat":6,"minecraft:oak_sapling":5,"minecraft:golden_sword":1,"minecraft:stripped_cherry_log":2,"minecraft:diamond_boots":1,"minecraft:spruce_log":4,"minecraft:stone_pickaxe":4,"minecraft:wooden_pickaxe":1},"minecraft:custom":{"minecraft:interact_with_crafting_table":468,"minecraft:open_barrel":605,"minecraft:bell_ring":95,"minecraft:eat_cake_slice":117,"minecraft:leave_game":71,"minecraft:time_since_death":103472,"minecraft:damage_blocked_by_shield":365,"minecraft:play_time":5562740,"minecraft:deaths":47,"minecraft:jump":119169,"minecraft:enchant_item":1,"minecraft:interact_with_furnace":274,"minecraft:play_record":1,"minecraft:traded_with_villager":384,"minecraft:interact_with_cartography_table":1,"minecraft:sleep_in_bed":87,"minecraft:damage_dealt":116412,"minecraft:interact_with_smoker":146,"minecraft:inspect_dispenser":1,"minecraft:horse_one_cm":866658,"minecraft:interact_with_smithing_table":10,"minecraft:interact_with_anvil":35,"minecraft:inspect_hopper":20,"minecraft:target_hit":7,"minecraft:sneak_time":328203,"minecraft:interact_with_blast_furnace":50,"minecraft:total_world_time":5562740,"minecraft:interact_with_stonecutter":43,"minecraft:time_since_rest":3653,"minecraft:swim_one_cm":2070569,"minecraft:fly_one_cm":26458468,"minecraft:open_chest":5508,"minecraft:fish_caught":1,"minecraft:fall_one_cm":3037938,"minecraft:animals_bred":49,"minecraft:open_shulker_box":1,"minecraft:sprint_one_cm":11606475,"minecraft:drop":1433,"minecraft:talked_to_villager":990,"minecraft:interact_with_brewingstand":4,"minecraft:walk_on_water_one_cm":826089,"minecraft:interact_with_loom":8,"minecraft:open_enderchest":11,"minecraft:interact_with_beacon":13,"minecraft:player_kills":13,"minecraft:crouch_one_cm":774674,"minecraft:mob_kills":1351,"minecraft:climb_one_cm":522823,"minecraft:walk_one_cm":12528438,"minecraft:raid_win":11,"minecraft:strider_one_cm":55194,"minecraft:walk_under_water_one_cm":888749,"minecraft:boat_one_cm":283079,"minecraft:raid_trigger":9,"minecraft:pot_flower":4,"minecraft:interact_with_grindstone":9,"minecraft:damage_taken":82137,"minecraft:damage_absorbed":571,"minecraft:minecart_one_cm":1625,"minecraft:aviate_one_cm":1968300},"minecraft:crafted":{"minecraft:oak_sign":3,"minecraft:purple_bed":1,"minecraft:pink_bed":1,"minecraft:chain":36,"minecraft:brick_wall":6,"minecraft:wolf_armor":3,"minecraft:birch_slab":186,"minecraft:diamond_shovel":3,"minecraft:shulker_box":1,"minecraft:bookshelf":22,"minecraft:cooked_mutton":9,"minecraft:iron_bars":144,"minecraft:deepslate_brick_stairs":20,"minecraft:quartz_block":194,"minecraft:glass":262,"minecraft:diamond_helmet":3,"minecraft:diamond_leggings":3,"minecraft:birch_fence_gate":38,"minecraft:target":1,"minecraft:emerald":356,"minecraft:cooked_porkchop":36,"minecraft:glow_item_frame":8,"minecraft:green_bed":1,"minecraft:cobbled_deepslate_wall":1,"minecraft:copper_ingot":20,"minecraft:hay_block":8,"minecraft:light_gray_bed":1,"minecraft:stone_brick_stairs":8,"minecraft:lime_bed":1,"minecraft:lectern":1,"minecraft:cherry_sign":3,"minecraft:iron_pickaxe":10,"minecraft:iron_block":33,"minecraft:gold_ingot":196,"minecraft:light_gray_dye":1,"minecraft:netherite_ingot":8,"minecraft:golden_carrot":4,"minecraft:stone_shovel":5,"minecraft:iron_nugget":405,"minecraft:spyglass":1,"minecraft:yellow_bed":1,"minecraft:bone_meal":99,"minecraft:spruce_fence":48,"minecraft:pink_dye":30,"minecraft:white_carpet":180,"minecraft:warped_trapdoor":8,"minecraft:cherry_trapdoor":74,"minecraft:lantern":34,"minecraft:spruce_stairs":76,"minecraft:deepslate_brick_wall":27,"minecraft:ladder":102,"minecraft:spruce_slab":660,"minecraft:cherry_stairs":236,"minecraft:stone_pickaxe":1,"minecraft:diamond_boots":2,"minecraft:cobbled_deepslate_stairs":8,"minecraft:dark_oak_planks":40,"minecraft:wheat":531,"minecraft:deepslate_brick_slab":36,"minecraft:red_bed":2,"minecraft:blue_bed":1,"minecraft:red_carpet":36,"minecraft:glowstone":2,"minecraft:enchanted_book":15,"minecraft:white_stained_glass":112,"minecraft:mossy_stone_brick_stairs":44,"minecraft:oak_stairs":480,"minecraft:writable_book":1,"minecraft:iron_shovel":5,"minecraft:iron_leggings":3,"minecraft:white_bed":13,"minecraft:brick":25,"minecraft:oak_planks":1036,"minecraft:barrel":8,"minecraft:cherry_slab":102,"minecraft:mossy_stone_brick_slab":12,"minecraft:stone":133,"minecraft:warped_planks":36,"minecraft:green_dye":2,"minecraft:hopper":9,"minecraft:stone_brick_slab":6,"minecraft:iron_boots":4,"minecraft:comparator":1,"minecraft:chest":13,"minecraft:netherite_helmet":1,"minecraft:oak_button":2,"minecraft:copper_block":2,"minecraft:netherite_upgrade_smithing_template":16,"minecraft:bricks":6,"minecraft:stone_bricks":12,"minecraft:cherry_fence":66,"minecraft:golden_boots":1,"minecraft:quartz_stairs":24,"minecraft:oak_slab":54,"minecraft:item_frame":6,"minecraft:arrow":212,"minecraft:crafting_table":6,"minecraft:spruce_planks":912,"minecraft:baked_potato":315,"minecraft:iron_helmet":3,"minecraft:brush":5,"minecraft:gold_block":12,"minecraft:birch_planks":704,"minecraft:spruce_trapdoor":100,"minecraft:yellow_dye":1,"minecraft:pink_wool":12,"minecraft:iron_chestplate":1,"minecraft:diamond_pickaxe":1,"minecraft:paper":672,"minecraft:emerald_block":83,"minecraft:purple_dye":72,"minecraft:shield":2,"minecraft:birch_fence":78,"minecraft:stick":700,"minecraft:warped_slab":12,"minecraft:iron_ingot":276,"minecraft:black_bed":1,"minecraft:shears":1,"minecraft:cherry_planks":976,"minecraft:cobbled_deepslate_slab":384,"minecraft:fishing_rod":1,"minecraft:mossy_stone_bricks":73,"minecraft:furnace":1,"minecraft:diamond_block":21,"minecraft:glass_pane":48,"minecraft:flint_and_steel":1,"minecraft:scaffolding":366,"minecraft:netherite_chestplate":2,"minecraft:netherite_leggings":1,"minecraft:iron_axe":1,"minecraft:lime_dye":2,"minecraft:chiseled_bookshelf":4,"minecraft:honey_block":1,"minecraft:netherite_scrap":32,"minecraft:cooked_beef":42,"minecraft:red_dye":48,"minecraft:crimson_planks":84,"minecraft:diamond_sword":2,"minecraft:purple_stained_glass":144,"minecraft:iron_sword":1,"minecraft:bucket":4,"minecraft:stone_axe":4,"minecraft:amethyst_block":55,"minecraft:bread":161,"minecraft:air":0,"minecraft:jungle_planks":16,"minecraft:blue_dye":48,"minecraft:oak_boat":15,"minecraft:white_wool":53,"minecraft:white_dye":25,"minecraft:anvil":3,"minecraft:pink_banner":2,"minecraft:acacia_planks":44,"minecraft:torch":460,"minecraft:lapis_block":2,"minecraft:firework_rocket":288,"minecraft:diamond_chestplate":1}},"DataVersion":3839}