{"stats":{"minecraft:crafted":{"minecraft:black_dye":21,"minecraft:oak_sign":30,"minecraft:blaze_powder":14,"minecraft:birch_boat":3,"minecraft:birch_slab":60,"minecraft:loom":1,"minecraft:diamond_shovel":4,"minecraft:bookshelf":18,"minecraft:gray_wool":10,"minecraft:cooked_mutton":93,"minecraft:deepslate_brick_stairs":80,"minecraft:glass":742,"minecraft:diamond_helmet":5,"minecraft:diamond_leggings":3,"minecraft:black_wool":9,"minecraft:glass_bottle":6,"minecraft:emerald":891,"minecraft:cooked_porkchop":56,"minecraft:diamond_axe":6,"minecraft:spruce_door":3,"minecraft:fletching_table":5,"minecraft:campfire":2,"minecraft:cartography_table":1,"minecraft:lectern":1,"minecraft:wooden_hoe":1,"minecraft:golden_leggings":2,"minecraft:iron_pickaxe":4,"minecraft:iron_block":23,"minecraft:gold_ingot":133,"minecraft:netherite_ingot":1,"minecraft:composter":5,"minecraft:diamond_hoe":2,"minecraft:bone_meal":333,"minecraft:white_carpet":3,"minecraft:cherry_trapdoor":8,"minecraft:ladder":87,"minecraft:spruce_slab":24,"minecraft:cherry_stairs":24,"minecraft:stone_pickaxe":5,"minecraft:diamond_boots":1,"minecraft:wheat":99,"minecraft:glowstone":34,"minecraft:enchanted_book":35,"minecraft:oak_fence_gate":2,"minecraft:fermented_spider_eye":1,"minecraft:birch_trapdoor":4,"minecraft:oak_stairs":144,"minecraft:iron_shovel":8,"minecraft:iron_leggings":1,"minecraft:white_bed":26,"minecraft:oak_planks":1916,"minecraft:cobblestone_slab":30,"minecraft:barrel":4,"minecraft:cherry_slab":150,"minecraft:cooked_chicken":36,"minecraft:cherry_boat":2,"minecraft:stone":104,"minecraft:hopper":4,"minecraft:bow":1,"minecraft:chest":55,"minecraft:rail":192,"minecraft:oak_fence":60,"minecraft:cherry_fence":54,"minecraft:golden_boots":2,"minecraft:smoker":2,"minecraft:item_frame":12,"minecraft:arrow":192,"minecraft:cauldron":2,"minecraft:crafting_table":22,"minecraft:spruce_planks":216,"minecraft:wooden_pickaxe":2,"minecraft:baked_potato":351,"minecraft:brown_dye":43,"minecraft:gold_block":1,"minecraft:birch_planks":1112,"minecraft:white_stained_glass_pane":48,"minecraft:spruce_trapdoor":18,"minecraft:iron_chestplate":1,"minecraft:paper":294,"minecraft:emerald_block":30,"minecraft:diamond_pickaxe":4,"minecraft:purple_dye":6,"minecraft:shield":4,"minecraft:stick":3132,"minecraft:iron_ingot":70,"minecraft:redstone_torch":27,"minecraft:shears":3,"minecraft:cherry_planks":1296,"minecraft:raw_iron":9,"minecraft:fishing_rod":1,"minecraft:furnace":6,"minecraft:piston":17,"minecraft:dark_oak_trapdoor":2,"minecraft:gray_dye":24,"minecraft:glass_pane":528,"minecraft:oak_trapdoor":6,"minecraft:iron_axe":8,"minecraft:iron_hoe":1,"minecraft:netherite_scrap":3,"minecraft:birch_sign":12,"minecraft:observer":18,"minecraft:minecart":5,"minecraft:cherry_fence_gate":6,"minecraft:cooked_beef":115,"minecraft:red_dye":2,"minecraft:diamond_sword":4,"minecraft:powered_rail":6,"minecraft:iron_sword":1,"minecraft:bucket":14,"minecraft:stone_axe":6,"minecraft:air":0,"minecraft:bread":59,"minecraft:jungle_planks":72,"minecraft:blue_dye":3,"minecraft:oak_boat":7,"minecraft:white_wool":211,"minecraft:white_dye":66,"minecraft:brown_wool":16,"minecraft:cherry_door":9,"minecraft:stonecutter":1,"minecraft:anvil":3,"minecraft:acacia_planks":44,"minecraft:torch":272,"minecraft:diamond_chestplate":6},"minecraft:dropped":{"minecraft:iron_sword":1,"minecraft:short_grass":6,"minecraft:lapis_lazuli":48,"minecraft:cooked_beef":47,"minecraft:diamond":35,"minecraft:crafting_table":3,"minecraft:cooked_porkchop":8,"minecraft:crossbow":15,"minecraft:rail":84,"minecraft:red_carpet":15,"minecraft:emerald":686,"minecraft:dirt":500,"minecraft:red_bed":1,"minecraft:dark_oak_fence":1,"minecraft:netherite_boots":3,"minecraft:gold_nugget":27,"minecraft:bone_meal":256,"minecraft:phantom_membrane":1,"minecraft:sand":1,"minecraft:sugar":8,"minecraft:bone":12,"minecraft:stone_axe":4,"minecraft:sugar_cane":3,"minecraft:cobbled_deepslate":4,"minecraft:nether_brick":5,"minecraft:wheat":7,"minecraft:obsidian":1,"minecraft:rotten_flesh":468,"minecraft:oak_planks":44,"minecraft:glowstone_dust":8,"minecraft:white_bed":3,"minecraft:salmon":3,"minecraft:jungle_log":4,"minecraft:ladder":6,"minecraft:spruce_slab":1,"minecraft:glass":87,"minecraft:flowering_azalea_leaves":23,"minecraft:lectern":1,"minecraft:enchanted_book":5,"minecraft:iron_ingot":331,"minecraft:netherite_pickaxe":1,"minecraft:wheat_seeds":27,"minecraft:netherite_helmet":4,"minecraft:netherite_chestplate":4,"minecraft:oak_fence":4,"minecraft:feather":10,"minecraft:cobblestone":123,"minecraft:book":85,"minecraft:salmon_bucket":1,"minecraft:coal":64,"minecraft:gray_wool":2,"minecraft:golden_carrot":9,"minecraft:diamond_helmet":2,"minecraft:potion":1,"minecraft:oak_stairs":37,"minecraft:white_banner":82,"minecraft:string":257,"minecraft:spruce_sapling":3,"minecraft:cocoa_beans":2,"minecraft:chicken":4,"minecraft:white_carpet":18,"minecraft:cherry_slab":3,"minecraft:name_tag":4,"minecraft:shears":1,"minecraft:diamond_sword":5,"minecraft:potato":324,"minecraft:diamond_pickaxe":8,"minecraft:redstone_torch":19,"minecraft:spider_eye":15,"minecraft:stone_bricks":1,"minecraft:birch_boat":1,"minecraft:bow":1,"minecraft:magma_block":20,"minecraft:birch_planks":157,"minecraft:diamond_axe":5,"minecraft:oak_log":48,"minecraft:baked_potato":90,"minecraft:loom":1,"minecraft:leather":2,"minecraft:jungle_planks":1,"minecraft:cod":20,"minecraft:flint":1,"minecraft:crimson_roots":1,"minecraft:seagrass":1,"minecraft:pumpkin_pie":4,"minecraft:gold_ingot":38,"minecraft:spyglass":1,"minecraft:twisting_vines":8,"minecraft:beetroot":38,"minecraft:diamond_shovel":1,"minecraft:cooked_mutton":8,"minecraft:carrot":2638,"minecraft:poppy":13,"minecraft:trident":1,"minecraft:gunpowder":2,"minecraft:birch_trapdoor":2,"minecraft:beetroot_seeds":2,"minecraft:powered_rail":5,"minecraft:arrow":31,"minecraft:quartz":20,"minecraft:oak_leaves":33,"minecraft:netherrack":3040,"minecraft:water_bucket":6,"minecraft:bread":44,"minecraft:oak_slab":5,"minecraft:cherry_log":64,"minecraft:minecart":3,"minecraft:diamond_leggings":1,"minecraft:poisonous_potato":4,"minecraft:lead":9,"minecraft:spectral_arrow":83,"minecraft:tropical_fish":1,"minecraft:stick":25,"minecraft:diorite":1,"minecraft:torch":67,"minecraft:repeater":1,"minecraft:brown_wool":1,"minecraft:jungle_leaves":1,"minecraft:iron_axe":4,"minecraft:raw_iron_block":1,"minecraft:tripwire_hook":2,"minecraft:bucket":4,"minecraft:dandelion":14,"minecraft:oak_trapdoor":5,"minecraft:composter":2,"minecraft:birch_pressure_plate":3,"minecraft:light_gray_wool":1,"minecraft:totem_of_undying":11,"minecraft:netherite_leggings":4,"minecraft:deepslate_bricks":28,"minecraft:filled_map":2,"minecraft:shield":1,"minecraft:diamond_chestplate":6,"minecraft:mossy_stone_bricks":1,"minecraft:oak_boat":2,"minecraft:oak_sapling":5,"minecraft:diamond_boots":1,"minecraft:slime_ball":2,"minecraft:stone_pickaxe":5,"minecraft:wooden_pickaxe":2},"minecraft:broken":{"minecraft:shears":1,"minecraft:iron_boots":2,"minecraft:iron_chestplate":1,"minecraft:iron_leggings":1,"minecraft:iron_hoe":1,"minecraft:shield":2,"minecraft:iron_axe":5,"minecraft:iron_pickaxe":3,"minecraft:iron_shovel":5,"minecraft:golden_leggings":1,"minecraft:stone_pickaxe":1,"minecraft:stone_axe":3,"minecraft:diamond_hoe":1},"minecraft:killed":{"minecraft:cave_spider":2,"minecraft:cod":31,"minecraft:skeleton":74,"minecraft:chicken":33,"minecraft:tropical_fish":1,"minecraft:magma_cube":3,"minecraft:salmon":8,"minecraft:iron_golem":6,"minecraft:pillager":841,"minecraft:zombie":865,"minecraft:cow":24,"minecraft:evoker":128,"minecraft:vindicator":620,"minecraft:wandering_trader":4,"minecraft:ravager":1,"minecraft:enderman":2,"minecraft:witch":156,"minecraft:spider":20,"minecraft:turtle":3,"minecraft:piglin":11,"minecraft:pig":36,"minecraft:zombie_villager":1,"minecraft:creeper":1,"minecraft:sheep":107,"minecraft:trader_llama":6,"minecraft:ghast":1,"minecraft:blaze":18,"minecraft:armadillo":3,"minecraft:vex":19,"minecraft:slime":1,"minecraft:phantom":1,"minecraft:drowned":255,"minecraft:hoglin":3,"minecraft:squid":4,"minecraft:wither_skeleton":1,"minecraft:villager":49},"minecraft:used":{"minecraft:beetroot":1,"minecraft:spruce_slab":10,"minecraft:ladder":77,"minecraft:poppy":17,"minecraft:chest":81,"minecraft:soul_sand":1,"minecraft:lava_bucket":9,"minecraft:villager_spawn_egg":1,"minecraft:grass_block":16,"minecraft:cherry_leaves":272,"minecraft:bow":32,"minecraft:oak_sapling":2,"minecraft:furnace":19,"minecraft:egg":5,"minecraft:potato":481,"minecraft:seagrass":2,"minecraft:spruce_door":20,"minecraft:powered_rail":26,"minecraft:blackstone":4,"minecraft:composter":4,"minecraft:glow_berries":1,"minecraft:dark_oak_trapdoor":3,"minecraft:blast_furnace":9,"minecraft:acacia_leaves":1,"minecraft:deepslate_brick_stairs":16,"minecraft:birch_slab":51,"minecraft:lectern":1,"minecraft:lilac":1,"minecraft:diamond_sword":2421,"minecraft:oak_boat":23,"minecraft:oak_trapdoor":8,"minecraft:iron_bars":4,"minecraft:netherrack":58,"minecraft:torch":277,"minecraft:brewing_stand":3,"minecraft:anvil":4,"minecraft:oak_fence_gate":3,"minecraft:chipped_anvil":1,"minecraft:iron_axe":1163,"minecraft:cherry_slab":176,"minecraft:jungle_log":5,"minecraft:cherry_fence_gate":8,"minecraft:totem_of_undying":20,"minecraft:barrel":8,"minecraft:tripwire_hook":1,"minecraft:glowstone":5,"minecraft:cherry_fence":49,"minecraft:cherry_log":170,"minecraft:cobbled_deepslate":82,"minecraft:observer":32,"minecraft:wheat_seeds":259,"minecraft:water_bucket":340,"minecraft:birch_planks":362,"minecraft:lead":2,"minecraft:cartography_table":4,"minecraft:cherry_planks":1024,"minecraft:cauldron":5,"minecraft:fletching_table":25,"minecraft:deepslate_bricks":464,"minecraft:polished_blackstone_bricks":1,"minecraft:salmon":1,"minecraft:mossy_cobblestone":1,"minecraft:rail":327,"minecraft:crafting_table":68,"minecraft:oak_slab":2,"minecraft:red_bed":2,"minecraft:birch_sign":21,"minecraft:white_bed":70,"minecraft:campfire":3,"minecraft:cod":1,"minecraft:oak_log":205,"minecraft:diamond_pickaxe":11507,"minecraft:diamond_shovel":1076,"minecraft:iron_pickaxe":643,"minecraft:spruce_trapdoor":24,"minecraft:pink_bed":1,"minecraft:cobblestone":847,"minecraft:purple_bed":1,"minecraft:cooked_porkchop":51,"minecraft:glass_pane":106,"minecraft:kelp":50,"minecraft:dandelion":4,"minecraft:cherry_sapling":50,"minecraft:iron_shovel":1780,"minecraft:oak_sign":22,"minecraft:diamond_hoe":1891,"minecraft:shield":161,"minecraft:iron_sword":260,"minecraft:zombie_spawn_egg":1,"minecraft:bell":1,"minecraft:jungle_planks":2,"minecraft:nether_bricks":2,"minecraft:carrot":961,"minecraft:tuff":7,"minecraft:music_disc_13":3,"minecraft:obsidian":2,"minecraft:milk_bucket":2,"minecraft:glass":734,"minecraft:lantern":2,"minecraft:item_frame":12,"minecraft:birch_trapdoor":7,"minecraft:red_carpet":9,"minecraft:scaffolding":1,"minecraft:beetroot_seeds":46,"minecraft:stone_pickaxe":131,"minecraft:oak_planks":95,"minecraft:sugar_cane":41,"minecraft:diamond_axe":2985,"minecraft:blue_bed":1,"minecraft:white_wool":7,"minecraft:loom":1,"minecraft:crossbow":24,"minecraft:black_bed":1,"minecraft:shears":260,"minecraft:redstone_torch":25,"minecraft:string":19,"minecraft:bread":23,"minecraft:deepslate":8,"minecraft:gravel":1,"minecraft:grindstone":1,"minecraft:andesite":1,"minecraft:stripped_cherry_log":58,"minecraft:tropical_fish_bucket":10,"minecraft:bone_meal":298,"minecraft:oak_fence":61,"minecraft:cherry_boat":6,"minecraft:trident":10,"minecraft:redstone":33,"minecraft:cooked_chicken":18,"minecraft:spyglass":2,"minecraft:dirt":3225,"minecraft:white_carpet":25,"minecraft:hopper":10,"minecraft:bee_nest":3,"minecraft:granite":1,"minecraft:iron_hoe":250,"minecraft:dark_oak_planks":22,"minecraft:bookshelf":18,"minecraft:oak_stairs":188,"minecraft:cherry_trapdoor":6,"minecraft:golden_carrot":139,"minecraft:netherite_pickaxe":8,"minecraft:minecart":40,"minecraft:cooked_beef":61,"minecraft:light_gray_bed":2,"minecraft:cooked_mutton":59,"minecraft:acacia_boat":1,"minecraft:amethyst_block":17,"minecraft:glass_bottle":6,"minecraft:baked_potato":120,"minecraft:iron_golem_spawn_egg":2,"minecraft:birch_boat":38,"minecraft:stonecutter":2,"minecraft:green_bed":1,"minecraft:cobblestone_slab":144,"minecraft:terracotta":2,"minecraft:music_disc_cat":1,"minecraft:lime_bed":3,"minecraft:smoker":12,"minecraft:piston":31,"minecraft:flower_pot":1,"minecraft:wooden_hoe":9,"minecraft:cherry_door":10,"minecraft:map":1,"minecraft:stone_axe":269,"minecraft:pink_petals":8,"minecraft:fishing_rod":36,"minecraft:cherry_stairs":45,"minecraft:cobbled_deepslate_slab":22,"minecraft:bucket":354,"minecraft:pumpkin_pie":1,"minecraft:yellow_bed":1,"minecraft:splash_potion":1},"minecraft:picked_up":{"minecraft:birch_door":1,"minecraft:seagrass":3,"minecraft:iron_chestplate":2,"minecraft:flower_pot":1,"minecraft:anvil":1,"minecraft:smithing_table":1,"minecraft:lead":24,"minecraft:diamond_sword":15,"minecraft:oak_stairs":113,"minecraft:enchanted_book":40,"minecraft:brewing_stand":4,"minecraft:golden_sword":2,"minecraft:amethyst_block":45,"minecraft:music_disc_cat":2,"minecraft:string":5903,"minecraft:dark_oak_trapdoor":3,"minecraft:pufferfish":2,"minecraft:beetroot":55,"minecraft:cherry_boat":5,"minecraft:diamond_leggings":8,"minecraft:gold_nugget":1496,"minecraft:cobbled_deepslate":1089,"minecraft:spruce_planks":3,"minecraft:netherite_upgrade_smithing_template":5,"minecraft:azalea_leaves":64,"minecraft:composter":1,"minecraft:green_bed":1,"minecraft:cherry_log":614,"minecraft:golden_chestplate":1,"minecraft:cauldron":3,"minecraft:stone_sword":1,"minecraft:light_gray_bed":2,"minecraft:tropical_fish":1,"minecraft:armadillo_scute":5,"minecraft:netherite_chestplate":5,"minecraft:blaze_rod":17,"minecraft:iron_bars":6,"minecraft:snowball":1,"minecraft:birch_log":178,"minecraft:magma_block":164,"minecraft:feather":33,"minecraft:cooked_beef":34,"minecraft:cherry_leaves":244,"minecraft:birch_slab":45,"minecraft:water_bucket":23,"minecraft:jungle_log":48,"minecraft:brown_wool":3,"minecraft:acacia_leaves":44,"minecraft:smoker":16,"minecraft:flint":7,"minecraft:netherite_leggings":6,"minecraft:cherry_door":5,"minecraft:lantern":2,"minecraft:twisting_vines":8,"minecraft:stonecutter":2,"minecraft:diamond_helmet":19,"minecraft:glowstone_dust":263,"minecraft:moss_block":4,"minecraft:warped_wart_block":2,"minecraft:ink_sac":44,"minecraft:loom":1,"minecraft:dark_oak_log":8,"minecraft:red_terracotta":1,"minecraft:barrel":7,"minecraft:dispenser":2,"minecraft:granite":12,"minecraft:golden_horse_armor":2,"minecraft:bread":80,"minecraft:rooted_dirt":1,"minecraft:cherry_slab":57,"minecraft:dark_oak_fence":2,"minecraft:crimson_roots":3,"minecraft:diamond_pickaxe":30,"minecraft:crafting_table":55,"minecraft:bee_nest":3,"minecraft:nether_wart":28,"minecraft:clay_ball":12,"minecraft:leather_leggings":1,"minecraft:orange_banner":6,"minecraft:stripped_cherry_log":1,"minecraft:cornflower":1,"minecraft:red_bed":2,"minecraft:flint_and_steel":7,"minecraft:netherite_scrap":1,"minecraft:compass":7,"minecraft:white_carpet":47,"minecraft:iron_shovel":11,"minecraft:cartography_table":4,"minecraft:beef":71,"minecraft:jungle_sapling":1,"minecraft:iron_nugget":19,"minecraft:poppy":143,"minecraft:spruce_slab":26,"minecraft:minecart":48,"minecraft:chest":50,"minecraft:birch_sapling":17,"minecraft:piston":3,"minecraft:diamond_hoe":3,"minecraft:egg":20,"minecraft:oak_door":2,"minecraft:fire_charge":4,"minecraft:carrot":3439,"minecraft:redstone":171,"minecraft:netherite_pickaxe":1,"minecraft:diamond_chestplate":18,"minecraft:cooked_cod":13,"minecraft:beetroot_seeds":170,"minecraft:deepslate_bricks":44,"minecraft:shears":2,"minecraft:diamond_boots":13,"minecraft:hay_block":11,"minecraft:gold_ingot":43,"minecraft:totem_of_undying":182,"minecraft:mutton":190,"minecraft:white_wool":241,"minecraft:bone_block":40,"minecraft:rail":386,"minecraft:stripped_oak_log":3,"minecraft:lime_bed":3,"minecraft:tripwire_hook":2,"minecraft:filled_map":3,"minecraft:oak_log":619,"minecraft:lily_pad":2,"minecraft:ancient_debris":12,"minecraft:golden_boots":2,"minecraft:blue_bed":1,"minecraft:white_banner":337,"minecraft:birch_pressure_plate":3,"minecraft:apple":136,"minecraft:stone_bricks":1,"minecraft:kelp":82,"minecraft:warped_stem":65,"minecraft:oak_fence_gate":2,"minecraft:stone_pickaxe":2,"minecraft:glass_bottle":122,"minecraft:iron_sword":8,"minecraft:smooth_basalt":27,"minecraft:spyglass":1,"minecraft:gravel":50,"minecraft:spruce_sapling":3,"minecraft:spruce_log":51,"minecraft:crying_obsidian":5,"minecraft:leather_helmet":1,"minecraft:diamond_shovel":11,"minecraft:purple_bed":1,"minecraft:slime_ball":2,"minecraft:stone_axe":5,"minecraft:short_grass":12,"minecraft:diamond_axe":12,"minecraft:birch_sign":13,"minecraft:gray_wool":5,"minecraft:warped_roots":2,"minecraft:baked_potato":400,"minecraft:melon_seeds":4,"minecraft:mangrove_propagule":1,"minecraft:hopper":7,"minecraft:ender_pearl":3,"minecraft:wheat":350,"minecraft:sentry_armor_trim_smithing_template":2,"minecraft:potion":23,"minecraft:nether_brick":22,"minecraft:crimson_planks":4,"minecraft:raw_copper":27,"minecraft:smooth_stone_slab":3,"minecraft:iron_leggings":8,"minecraft:sticky_piston":3,"minecraft:oak_sign":5,"minecraft:bucket":3,"minecraft:eye_armor_trim_smithing_template":4,"minecraft:red_dye":8,"minecraft:redstone_torch":43,"minecraft:cobblestone_slab":166,"minecraft:calcite":34,"minecraft:azalea":10,"minecraft:iron_pickaxe":6,"minecraft:iron_boots":8,"minecraft:furnace":17,"minecraft:tipped_arrow":1,"minecraft:stick":608,"minecraft:birch_trapdoor":9,"minecraft:oak_fence":23,"minecraft:torch":209,"minecraft:spruce_stairs":1,"minecraft:porkchop":96,"minecraft:diorite":5,"minecraft:cactus":7,"minecraft:rotten_flesh":1795,"minecraft:deepslate_brick_stairs":9,"minecraft:obsidian":19,"minecraft:cod":123,"minecraft:cobblestone":2368,"minecraft:pink_petals":24,"minecraft:leather_chestplate":1,"minecraft:lilac":3,"minecraft:repeater":1,"minecraft:cherry_planks":155,"minecraft:andesite":6,"minecraft:black_bed":1,"minecraft:golden_leggings":1,"minecraft:potato":1411,"minecraft:tuff":24,"minecraft:acacia_boat":2,"minecraft:lapis_lazuli":383,"minecraft:dirt":3635,"minecraft:name_tag":12,"minecraft:leather_boots":4,"minecraft:glass":493,"minecraft:bone":208,"minecraft:acacia_planks":1,"minecraft:bow":9,"minecraft:wheat_seeds":806,"minecraft:deepslate_brick_slab":3,"minecraft:raw_gold":243,"minecraft:cobbled_deepslate_slab":31,"minecraft:grindstone":1,"minecraft:mossy_stone_bricks":1,"minecraft:fletching_table":21,"minecraft:powered_rail":31,"minecraft:oak_planks":173,"minecraft:stone_hoe":1,"minecraft:cooked_porkchop":34,"minecraft:music_disc_13":3,"minecraft:poisonous_potato":19,"minecraft:sand":726,"minecraft:jungle_planks":3,"minecraft:grass_block":10,"minecraft:diamond_block":1,"minecraft:spectral_arrow":100,"minecraft:mossy_cobblestone":60,"minecraft:jungle_leaves":1,"minecraft:sugar":121,"minecraft:yellow_carpet":2,"minecraft:clay":3,"minecraft:diamond":439,"minecraft:netherite_helmet":6,"minecraft:crossbow":104,"minecraft:bone_meal":325,"minecraft:golden_apple":2,"minecraft:emerald":1590,"minecraft:oak_sapling":86,"minecraft:netherrack":7334,"minecraft:oak_leaves":8,"minecraft:fishing_rod":7,"minecraft:cocoa_beans":49,"minecraft:splash_potion":1,"minecraft:chicken":36,"minecraft:ladder":6,"minecraft:brown_mushroom":5,"minecraft:wooden_pickaxe":2,"minecraft:gold_block":2,"minecraft:shield":13,"minecraft:oak_trapdoor":12,"minecraft:iron_axe":64,"minecraft:blackstone":159,"minecraft:oak_boat":30,"minecraft:observer":5,"minecraft:light_gray_wool":10,"minecraft:lectern":4,"minecraft:sugar_cane":61,"minecraft:spruce_trapdoor":12,"minecraft:cherry_trapdoor":3,"minecraft:phantom_membrane":8,"minecraft:dark_oak_sapling":1,"minecraft:raw_iron":175,"minecraft:cherry_stairs":10,"minecraft:copper_ingot":28,"minecraft:polished_blackstone_bricks":1,"minecraft:trident":2,"minecraft:iron_horse_armor":2,"minecraft:dark_oak_planks":45,"minecraft:arrow":196,"minecraft:pumpkin_pie":52,"minecraft:nether_bricks":44,"minecraft:saddle":8,"minecraft:netherite_boots":5,"minecraft:purple_dye":42,"minecraft:basalt":54,"minecraft:golden_carrot":185,"minecraft:glow_ink_sac":2,"minecraft:salmon":33,"minecraft:leather":52,"minecraft:birch_planks":518,"minecraft:wolf_armor":2,"minecraft:crimson_fungus":1,"minecraft:yellow_bed":1,"minecraft:cobblestone_wall":5,"minecraft:gunpowder":90,"minecraft:cobblestone_stairs":2,"minecraft:cooked_mutton":43,"minecraft:red_carpet":26,"minecraft:iron_ingot":426,"minecraft:cooked_chicken":10,"minecraft:soul_sand":58,"minecraft:oak_slab":7,"minecraft:book":466,"minecraft:scaffolding":4,"minecraft:pink_bed":1,"minecraft:warped_fungus":4,"minecraft:birch_boat":38,"minecraft:pumpkin":11,"minecraft:quartz":166,"minecraft:dandelion":102,"minecraft:raw_iron_block":2,"minecraft:lava_bucket":2,"minecraft:amethyst_shard":184,"minecraft:blast_furnace":9,"minecraft:white_bed":49,"minecraft:spruce_door":17,"minecraft:green_carpet":1,"minecraft:spider_eye":83,"minecraft:campfire":1,"minecraft:iron_helmet":1,"minecraft:cherry_sapling":176,"minecraft:terracotta":2,"minecraft:black_wool":5,"minecraft:coal":992,"minecraft:sunflower":11},"minecraft:custom":{"minecraft:interact_with_crafting_table":409,"minecraft:open_barrel":176,"minecraft:bell_ring":32,"minecraft:leave_game":67,"minecraft:time_since_death":766986,"minecraft:damage_blocked_by_shield":6362,"minecraft:play_time":3367188,"minecraft:deaths":34,"minecraft:jump":40691,"minecraft:enchant_item":27,"minecraft:interact_with_furnace":235,"minecraft:play_record":4,"minecraft:traded_with_villager":687,"minecraft:interact_with_cartography_table":3,"minecraft:sleep_in_bed":30,"minecraft:damage_dealt":139867,"minecraft:interact_with_smoker":206,"minecraft:use_cauldron":6,"minecraft:horse_one_cm":5223,"minecraft:interact_with_smithing_table":3,"minecraft:interact_with_anvil":63,"minecraft:inspect_hopper":29,"minecraft:sneak_time":130000,"minecraft:interact_with_blast_furnace":25,"minecraft:total_world_time":3367188,"minecraft:interact_with_stonecutter":6,"minecraft:time_since_rest":421954,"minecraft:swim_one_cm":417603,"minecraft:fly_one_cm":9169843,"minecraft:open_chest":2734,"minecraft:fish_caught":24,"minecraft:fall_one_cm":904928,"minecraft:animals_bred":57,"minecraft:sprint_one_cm":6063980,"minecraft:drop":2873,"minecraft:talked_to_villager":582,"minecraft:interact_with_brewingstand":38,"minecraft:walk_on_water_one_cm":480788,"minecraft:interact_with_loom":2,"minecraft:crouch_one_cm":354252,"minecraft:mob_kills":3399,"minecraft:fill_cauldron":2,"minecraft:climb_one_cm":191768,"minecraft:walk_one_cm":7928309,"minecraft:raid_win":5,"minecraft:walk_under_water_one_cm":2632519,"minecraft:boat_one_cm":622279,"minecraft:raid_trigger":49,"minecraft:interact_with_grindstone":39,"minecraft:damage_taken":38605,"minecraft:damage_absorbed":83},"minecraft:mined":{"minecraft:dark_oak_planks":30,"minecraft:white_bed":38,"minecraft:pink_bed":1,"minecraft:cherry_log":581,"minecraft:jungle_leaves":3,"minecraft:obsidian":1,"minecraft:granite":1,"minecraft:yellow_carpet":2,"minecraft:jungle_log":33,"minecraft:light_gray_bed":3,"minecraft:deepslate_bricks":46,"minecraft:hopper":2,"minecraft:oak_wall_sign":2,"minecraft:nether_wart":20,"minecraft:spawner":1,"minecraft:polished_blackstone_bricks":1,"minecraft:tall_seagrass":1,"minecraft:magma_block":136,"minecraft:dark_oak_trapdoor":3,"minecraft:fire":188,"minecraft:barrel":7,"minecraft:cobbled_deepslate":13,"minecraft:pumpkin":12,"minecraft:deepslate_lapis_ore":33,"minecraft:fletching_table":21,"minecraft:dirt_path":53,"minecraft:oak_stairs":94,"minecraft:small_amethyst_bud":4,"minecraft:deepslate_brick_stairs":8,"minecraft:white_banner":1,"minecraft:tripwire":10,"minecraft:red_bed":2,"minecraft:kelp_plant":17,"minecraft:smoker":12,"minecraft:crimson_nylium":12,"minecraft:soul_fire":10,"minecraft:amethyst_cluster":20,"minecraft:powder_snow":3,"minecraft:torch":20,"minecraft:blast_furnace":8,"minecraft:glass":321,"minecraft:sugar_cane":16,"minecraft:amethyst_block":42,"minecraft:cherry_slab":62,"minecraft:wheat":276,"minecraft:lilac":3,"minecraft:birch_door":1,"minecraft:black_bed":1,"minecraft:oak_fence_gate":2,"minecraft:loom":1,"minecraft:smooth_basalt":18,"minecraft:stonecutter":2,"minecraft:piston":1,"minecraft:deepslate":558,"minecraft:mossy_cobblestone":49,"minecraft:cherry_sapling":1,"minecraft:dark_oak_log":7,"minecraft:cobbled_deepslate_slab":31,"minecraft:nether_bricks":27,"minecraft:dark_oak_fence":1,"minecraft:jungle_planks":2,"minecraft:crimson_roots":1,"minecraft:redstone_wire":8,"minecraft:kelp":2,"minecraft:cartography_table":3,"minecraft:andesite":1,"minecraft:diamond_block":1,"minecraft:potatoes":424,"minecraft:vine":8,"minecraft:cobblestone_slab":24,"minecraft:rail":272,"minecraft:warped_stem":68,"minecraft:bone_block":40,"minecraft:white_wool":33,"minecraft:smithing_table":1,"minecraft:oak_slab":1,"minecraft:glass_pane":12,"minecraft:cherry_planks":160,"minecraft:soul_sand":5,"minecraft:observer":3,"minecraft:dandelion":5,"minecraft:short_grass":151,"minecraft:emerald_ore":2,"minecraft:warped_roots":2,"minecraft:campfire":2,"minecraft:copper_ore":1,"minecraft:tall_grass":18,"minecraft:deepslate_gold_ore":79,"minecraft:diorite":4,"minecraft:warped_wart_block":3,"minecraft:purple_bed":1,"minecraft:cobblestone_wall":3,"minecraft:white_carpet":37,"minecraft:spruce_log":2,"minecraft:sunflower":11,"minecraft:gravel":51,"minecraft:birch_sign":1,"minecraft:gold_ore":11,"minecraft:fern":7,"minecraft:large_amethyst_bud":1,"minecraft:oak_sapling":4,"minecraft:farmland":17,"minecraft:sculk_vein":139,"minecraft:brewing_stand":2,"minecraft:spruce_trapdoor":10,"minecraft:cherry_trapdoor":2,"minecraft:budding_amethyst":1,"minecraft:grass_block":1143,"minecraft:raw_iron_block":1,"minecraft:glowstone":41,"minecraft:sculk_catalyst":8,"minecraft:iron_ore":53,"minecraft:anvil":1,"minecraft:flowering_azalea_leaves":5,"minecraft:iron_bars":6,"minecraft:birch_wall_sign":7,"minecraft:potted_cornflower":1,"minecraft:azalea_leaves":2,"minecraft:azalea":9,"minecraft:spruce_slab":10,"minecraft:green_bed":2,"minecraft:deepslate_redstone_ore":16,"minecraft:blackstone":77,"minecraft:twisting_vines_plant":2,"minecraft:medium_amethyst_bud":2,"minecraft:clay":3,"minecraft:calcite":28,"minecraft:poppy":20,"minecraft:chest":24,"minecraft:nether_quartz_ore":49,"minecraft:cobblestone":785,"minecraft:grindstone":1,"minecraft:oak_planks":24,"minecraft:wall_torch":15,"minecraft:cauldron":3,"minecraft:deepslate_copper_ore":1,"minecraft:pink_petals":9,"minecraft:seagrass":2,"minecraft:warped_nylium":5,"minecraft:powered_rail":25,"minecraft:birch_log":152,"minecraft:birch_trapdoor":8,"minecraft:cherry_door":5,"minecraft:smooth_stone_slab":4,"minecraft:oak_log":580,"minecraft:beetroots":42,"minecraft:sand":437,"minecraft:dirt":1064,"minecraft:crimson_planks":1,"minecraft:tripwire_hook":2,"minecraft:ancient_debris":9,"minecraft:netherrack":7808,"minecraft:oak_leaves":192,"minecraft:nether_gold_ore":194,"minecraft:red_carpet":25,"minecraft:tuff":26,"minecraft:oak_door":2,"minecraft:deepslate_diamond_ore":97,"minecraft:mangrove_roots":1,"minecraft:glow_lichen":1,"minecraft:ladder":1,"minecraft:birch_slab":37,"minecraft:spruce_leaves":10,"minecraft:rooted_dirt":1,"minecraft:mangrove_propagule":1,"minecraft:large_fern":2,"minecraft:hay_block":11,"minecraft:oak_trapdoor":12,"minecraft:furnace":14,"minecraft:carrots":800,"minecraft:gold_block":3,"minecraft:bell":1,"minecraft:bookshelf":86,"minecraft:deepslate_iron_ore":84,"minecraft:stripped_oak_log":3,"minecraft:stone":917,"minecraft:cherry_stairs":10,"minecraft:redstone_wall_torch":4,"minecraft:basalt":50,"minecraft:spruce_door":15,"minecraft:oak_fence":22,"minecraft:crafting_table":45,"minecraft:sculk_sensor":44,"minecraft:sculk":1706,"minecraft:blue_bed":1,"minecraft:spruce_stairs":2,"minecraft:birch_planks":359,"minecraft:lime_bed":4,"minecraft:cactus":5,"minecraft:redstone_torch":10,"minecraft:bee_nest":3,"minecraft:coal_ore":435,"minecraft:cocoa":24,"minecraft:cherry_leaves":320,"minecraft:terracotta":2},"minecraft:killed_by":{"minecraft:pillager":3,"minecraft:ravager":2,"minecraft:vindicator":8,"minecraft:zombie":1,"minecraft:vex":7,"minecraft:piglin":1,"minecraft:player":1,"minecraft:iron_golem":1,"minecraft:hoglin":1}},"DataVersion":3839}