{"stats":{"minecraft:picked_up":{"minecraft:shulker_shell":10,"minecraft:iron_chestplate":32,"minecraft:wheat":175,"minecraft:lead":36,"minecraft:oak_stairs":75,"minecraft:enchanted_book":3,"minecraft:potion":6,"minecraft:stone_brick_stairs":14,"minecraft:golden_sword":4,"minecraft:music_disc_cat":11,"minecraft:string":3939,"minecraft:raw_copper":21,"minecraft:sticky_piston":5,"minecraft:iron_leggings":23,"minecraft:netherite_ingot":3,"minecraft:shroomlight":16,"minecraft:cobbled_deepslate":455,"minecraft:bucket":6,"minecraft:spruce_planks":128,"minecraft:redstone_torch":5,"minecraft:cobblestone_slab":9,"minecraft:azalea":18,"minecraft:wooden_shovel":1,"minecraft:iron_pickaxe":57,"minecraft:azalea_leaves":61,"minecraft:iron_boots":20,"minecraft:furnace":7,"minecraft:stick":206,"minecraft:oak_fence":12,"minecraft:torch":187,"minecraft:acacia_log":8,"minecraft:purpur_pillar":16,"minecraft:porkchop":17,"minecraft:golden_axe":1,"minecraft:cherry_log":102,"minecraft:diorite":5,"minecraft:vine":76,"minecraft:quartz_block":5,"minecraft:rotten_flesh":127,"minecraft:blackstone_wall":1,"minecraft:end_rod":107,"minecraft:deepslate_brick_stairs":4,"minecraft:obsidian":1,"minecraft:cod":3,"minecraft:snowball":13,"minecraft:cobblestone":1067,"minecraft:birch_log":207,"minecraft:pink_petals":1,"minecraft:cooked_beef":13,"minecraft:oxidized_copper":1,"minecraft:cherry_planks":347,"minecraft:cherry_leaves":24,"minecraft:birch_slab":7,"minecraft:water_bucket":15,"minecraft:andesite":11,"minecraft:black_bed":18,"minecraft:potato":230,"minecraft:tuff":10,"minecraft:cherry_fence":14,"minecraft:stripped_birch_log":1,"minecraft:dirt":5327,"minecraft:lantern":12,"minecraft:name_tag":1,"minecraft:leather_boots":9,"minecraft:glass":93,"minecraft:bone":50,"minecraft:chipped_anvil":1,"minecraft:bow":4,"minecraft:wheat_seeds":724,"minecraft:cobbled_deepslate_wall":16,"minecraft:mossy_stone_bricks":39,"minecraft:diamond_helmet":18,"minecraft:bamboo":1029,"minecraft:moss_block":45,"minecraft:oak_planks":1567,"minecraft:stone_hoe":12,"minecraft:mossy_stone_brick_stairs":29,"minecraft:cooked_porkchop":6,"minecraft:oak_pressure_plate":4,"minecraft:poisonous_potato":5,"minecraft:birch_fence_gate":5,"minecraft:sand":16,"minecraft:jungle_planks":34,"minecraft:oxidized_cut_copper_slab":6,"minecraft:mossy_cobblestone":415,"minecraft:white_candle":2,"minecraft:dispenser":1,"minecraft:lever":1,"minecraft:sugar":1,"minecraft:diamond":29,"minecraft:crossbow":1,"minecraft:granite":271,"minecraft:bone_meal":7,"minecraft:bread":497,"minecraft:rooted_dirt":5,"minecraft:cherry_slab":20,"minecraft:oak_sapling":130,"minecraft:netherrack":27,"minecraft:chorus_fruit":154,"minecraft:oak_leaves":128,"minecraft:diamond_pickaxe":12,"minecraft:crafting_table":37,"minecraft:azure_bluet":2,"minecraft:chicken":6,"minecraft:leather_leggings":2,"minecraft:wooden_pickaxe":1,"minecraft:stripped_cherry_log":94,"minecraft:dragon_head":8,"minecraft:chain":180,"minecraft:purpur_block":13,"minecraft:shield":10,"minecraft:elytra":3,"minecraft:cornflower":36,"minecraft:oak_trapdoor":2,"minecraft:iron_axe":25,"minecraft:iron_shovel":26,"minecraft:birch_fence":9,"minecraft:blackstone":34,"minecraft:beef":88,"minecraft:echo_shard":15,"minecraft:oak_boat":5,"minecraft:poppy":438,"minecraft:spruce_slab":13,"minecraft:minecart":1,"minecraft:lectern":1,"minecraft:sugar_cane":28,"minecraft:birch_sapling":8,"minecraft:diamond_hoe":7,"minecraft:egg":12,"minecraft:raw_iron":34,"minecraft:end_stone":74,"minecraft:stone":6,"minecraft:oak_door":9,"minecraft:copper_ingot":21,"minecraft:flowering_azalea_leaves":17,"minecraft:cookie":127,"minecraft:carrot":551,"minecraft:redstone":5,"minecraft:iron_horse_armor":3,"minecraft:arrow":869,"minecraft:stone_shovel":17,"minecraft:deepslate_bricks":145,"minecraft:shears":5,"minecraft:diamond_boots":1,"minecraft:saddle":14,"minecraft:gold_ingot":37,"minecraft:totem_of_undying":2,"minecraft:mutton":11,"minecraft:white_wool":13,"minecraft:oxeye_daisy":3,"minecraft:stripped_oak_log":16,"minecraft:golden_carrot":262,"minecraft:tripwire_hook":4,"minecraft:cut_sandstone":18,"minecraft:leather":48,"minecraft:birch_planks":333,"minecraft:oak_log":1000,"minecraft:golden_boots":1,"minecraft:cobblestone_wall":14,"minecraft:gunpowder":278,"minecraft:paper":469,"minecraft:cooked_mutton":24,"minecraft:apple":12,"minecraft:stone_bricks":2261,"minecraft:kelp":366,"minecraft:iron_ingot":649,"minecraft:oak_fence_gate":7,"minecraft:stone_pickaxe":2,"minecraft:cooked_chicken":21,"minecraft:cherry_sign":4,"minecraft:iron_sword":13,"minecraft:flowering_azalea":13,"minecraft:soul_sand":52,"minecraft:scaffolding":413,"minecraft:chiseled_stone_bricks":13,"minecraft:stone_brick_slab":16,"minecraft:quartz":1,"minecraft:dandelion":340,"minecraft:lava_bucket":1,"minecraft:birch_stairs":4,"minecraft:spruce_sapling":20,"minecraft:white_bed":29,"minecraft:spruce_log":81,"minecraft:mossy_stone_brick_slab":126,"minecraft:spider_eye":27,"minecraft:leather_helmet":8,"minecraft:firework_rocket":276,"minecraft:diamond_shovel":1,"minecraft:stone_axe":11,"minecraft:short_grass":2,"minecraft:iron_helmet":16,"minecraft:diamond_axe":14,"minecraft:mossy_cobblestone_stairs":6,"minecraft:baked_potato":163,"minecraft:damaged_anvil":4,"minecraft:coal":118,"minecraft:ender_pearl":787},"minecraft:used":{"minecraft:iron_shovel":2236,"minecraft:spruce_slab":5,"minecraft:poppy":134,"minecraft:diamond_hoe":2,"minecraft:chest":8,"minecraft:iron_sword":605,"minecraft:stone":1,"minecraft:rotten_flesh":3,"minecraft:mossy_stone_brick_slab":108,"minecraft:iron_chestplate":1,"minecraft:jungle_planks":8,"minecraft:carrot":266,"minecraft:glass":40,"minecraft:lava_bucket":23,"minecraft:quartz_block":3,"minecraft:stone_brick_stairs":10,"minecraft:bow":2,"minecraft:scaffolding":247,"minecraft:oak_sapling":42,"minecraft:furnace":13,"minecraft:egg":6,"minecraft:potato":81,"minecraft:dragon_head":2,"minecraft:damaged_anvil":4,"minecraft:mossy_stone_bricks":2,"minecraft:end_rod":5,"minecraft:stripped_birch_log":1,"minecraft:stone_pickaxe":138,"minecraft:chorus_fruit":8,"minecraft:oak_planks":320,"minecraft:ender_pearl":51,"minecraft:wooden_pickaxe":18,"minecraft:mossy_stone_brick_stairs":11,"minecraft:diamond_axe":1321,"minecraft:oak_leaves":48,"minecraft:cookie":16,"minecraft:sand":2,"minecraft:end_stone":53,"minecraft:blackstone_wall":1,"minecraft:oxidized_cut_copper_slab":14,"minecraft:black_bed":4,"minecraft:shears":175,"minecraft:redstone_torch":3,"minecraft:birch_fence":56,"minecraft:sticky_piston":5,"minecraft:lever":1,"minecraft:firework_rocket":96,"minecraft:birch_fence_gate":8,"minecraft:birch_slab":20,"minecraft:string":2,"minecraft:bread":134,"minecraft:lectern":1,"minecraft:cherry_sign":1,"minecraft:flowering_azalea_leaves":3,"minecraft:cherry_boat":1,"minecraft:oak_boat":3,"minecraft:oak_fence":98,"minecraft:birch_log":34,"minecraft:purpur_block":3,"minecraft:azalea":1,"minecraft:tropical_fish_bucket":1,"minecraft:stripped_cherry_log":20,"minecraft:chain":18,"minecraft:oak_trapdoor":20,"minecraft:bone_meal":15,"minecraft:stone_shovel":760,"minecraft:wooden_shovel":11,"minecraft:stone_hoe":364,"minecraft:cooked_chicken":7,"minecraft:oak_door":5,"minecraft:torch":81,"minecraft:dirt":1984,"minecraft:cobblestone_wall":11,"minecraft:diamond_helmet":2,"minecraft:granite":2,"minecraft:oak_fence_gate":4,"minecraft:shroomlight":4,"minecraft:birch_door":1,"minecraft:iron_hoe":8,"minecraft:stone_brick_slab":4,"minecraft:flowering_azalea":10,"minecraft:chipped_anvil":1,"minecraft:rooted_dirt":2,"minecraft:iron_axe":431,"minecraft:oak_stairs":120,"minecraft:cherry_slab":54,"minecraft:cherry_trapdoor":2,"minecraft:iron_boots":1,"minecraft:totem_of_undying":2,"minecraft:bamboo":110,"minecraft:tripwire_hook":1,"minecraft:golden_carrot":18,"minecraft:cherry_fence":41,"minecraft:cooked_beef":15,"minecraft:cobbled_deepslate":63,"minecraft:cherry_log":2,"minecraft:golden_axe":16,"minecraft:cobbled_deepslate_wall":14,"minecraft:wheat_seeds":250,"minecraft:cooked_mutton":1,"minecraft:water_bucket":101,"minecraft:birch_planks":97,"minecraft:lead":1,"minecraft:baked_potato":65,"minecraft:cherry_planks":129,"minecraft:cobblestone_slab":21,"minecraft:deepslate_bricks":1,"minecraft:mossy_cobblestone":1,"minecraft:crafting_table":34,"minecraft:oak_slab":15,"minecraft:white_bed":14,"minecraft:oak_log":92,"minecraft:diamond_pickaxe":253,"minecraft:cornflower":4,"minecraft:warped_trapdoor":4,"minecraft:iron_pickaxe":1021,"minecraft:chiseled_stone_bricks":1,"minecraft:stone_axe":129,"minecraft:pink_petals":1,"minecraft:cobblestone":183,"minecraft:cooked_porkchop":10,"minecraft:bucket":132,"minecraft:dandelion":19,"minecraft:kelp":44,"minecraft:birch_stairs":8},"minecraft:broken":{"minecraft:iron_shovel":6,"minecraft:leather_leggings":1,"minecraft:iron_chestplate":1,"minecraft:iron_leggings":1,"minecraft:stone_pickaxe":1,"minecraft:iron_sword":2,"minecraft:bow":1,"minecraft:stone_shovel":5,"minecraft:leather_helmet":1,"minecraft:stone_hoe":1,"minecraft:golden_axe":1,"minecraft:iron_axe":1,"minecraft:leather_boots":1,"minecraft:iron_pickaxe":1},"minecraft:killed":{"minecraft:zombified_piglin":1,"minecraft:witch":1,"minecraft:spider":26,"minecraft:cod":1,"minecraft:shulker":1,"minecraft:skeleton":16,"minecraft:wolf":1,"minecraft:pig":7,"minecraft:creeper":6,"minecraft:sheep":11,"minecraft:trader_llama":2,"minecraft:zombie":37,"minecraft:cow":18,"minecraft:enderman":975},"minecraft:mined":{"minecraft:dragon_wall_head":2,"minecraft:oak_sapling":9,"minecraft:white_bed":16,"minecraft:farmland":8,"minecraft:mossy_stone_brick_slab":10,"minecraft:cave_vines_plant":3,"minecraft:granite":43,"minecraft:grass_block":2246,"minecraft:acacia_log":8,"minecraft:deepslate_bricks":130,"minecraft:oxeye_daisy":2,"minecraft:chiseled_stone_bricks":1,"minecraft:spawner":1,"minecraft:sticky_piston":4,"minecraft:iron_ore":16,"minecraft:fire":12,"minecraft:cobbled_deepslate":14,"minecraft:azure_bluet":1,"minecraft:cave_vines":3,"minecraft:flowering_azalea_leaves":26,"minecraft:dirt_path":12,"minecraft:oak_stairs":5,"minecraft:deepslate_brick_stairs":2,"minecraft:azalea_leaves":86,"minecraft:azalea":3,"minecraft:spruce_slab":9,"minecraft:quartz_block":4,"minecraft:kelp_plant":11,"minecraft:soul_fire":1,"minecraft:powder_snow":6,"minecraft:torch":53,"minecraft:poppy":227,"minecraft:glass":8,"minecraft:cobblestone":149,"minecraft:nether_quartz_ore":2,"minecraft:white_candle":1,"minecraft:damaged_anvil":4,"minecraft:oak_planks":48,"minecraft:sugar_cane":2,"minecraft:wall_torch":33,"minecraft:cherry_slab":14,"minecraft:deepslate_copper_ore":1,"minecraft:pink_petals":1,"minecraft:chain":4,"minecraft:cherry_fence":6,"minecraft:birch_log":71,"minecraft:wheat":133,"minecraft:purpur_block":4,"minecraft:black_bed":5,"minecraft:stone_brick_stairs":10,"minecraft:oak_log":504,"minecraft:oak_fence_gate":4,"minecraft:sand":16,"minecraft:dirt":792,"minecraft:tripwire_hook":1,"minecraft:netherrack":35,"minecraft:oak_leaves":241,"minecraft:deepslate":210,"minecraft:tuff":16,"minecraft:mossy_cobblestone":13,"minecraft:blackstone_wall":1,"minecraft:deepslate_diamond_ore":18,"minecraft:oak_door":2,"minecraft:stripped_birch_log":1,"minecraft:stripped_cherry_log":52,"minecraft:end_stone":61,"minecraft:birch_fence_gate":2,"minecraft:jungle_planks":5,"minecraft:crimson_roots":1,"minecraft:redstone_wire":6,"minecraft:birch_slab":5,"minecraft:spruce_leaves":30,"minecraft:kelp":24,"minecraft:moss_block":1,"minecraft:rooted_dirt":6,"minecraft:oak_trapdoor":4,"minecraft:furnace":6,"minecraft:carrots":107,"minecraft:andesite":6,"minecraft:mossy_stone_brick_stairs":14,"minecraft:cobblestone_slab":5,"minecraft:potatoes":68,"minecraft:shroomlight":4,"minecraft:deepslate_iron_ore":1,"minecraft:oxidized_cut_copper_slab":6,"minecraft:bamboo_sapling":9,"minecraft:chorus_plant":7,"minecraft:bamboo":66,"minecraft:stone":355,"minecraft:podzol":3,"minecraft:birch_stairs":6,"minecraft:oak_slab":1,"minecraft:scaffolding":133,"minecraft:acacia_leaves":3,"minecraft:flowering_azalea":4,"minecraft:glass_pane":1,"minecraft:cherry_planks":8,"minecraft:soul_sand":31,"minecraft:stone_brick_slab":4,"minecraft:dandelion":94,"minecraft:oak_fence":29,"minecraft:crafting_table":24,"minecraft:cornflower":32,"minecraft:cobbled_deepslate_wall":2,"minecraft:short_grass":739,"minecraft:lectern":1,"minecraft:copper_ore":7,"minecraft:tall_grass":53,"minecraft:deepslate_gold_ore":3,"minecraft:diorite":1,"minecraft:birch_planks":26,"minecraft:cobblestone_wall":4,"minecraft:redstone_torch":1,"minecraft:purple_stained_glass":3,"minecraft:spruce_log":81,"minecraft:birch_leaves":6,"minecraft:coal_ore":82,"minecraft:end_rod":23,"minecraft:cherry_leaves":4,"minecraft:gravel":1,"minecraft:stone_bricks":1,"minecraft:mossy_stone_bricks":1,"minecraft:chipped_anvil":1,"minecraft:birch_fence":1,"minecraft:fern":13},"minecraft:killed_by":{"minecraft:zombie":5,"minecraft:player":13,"minecraft:spider":1,"minecraft:enderman":9,"minecraft:ender_dragon":1,"minecraft:skeleton":1},"minecraft:dropped":{"minecraft:soul_sand":26,"minecraft:moss_block":23,"minecraft:short_grass":2,"minecraft:birch_planks":130,"minecraft:diamond_axe":4,"minecraft:oak_pressure_plate":1,"minecraft:cooked_beef":11,"minecraft:oak_log":33,"minecraft:baked_potato":1,"minecraft:ender_pearl":295,"minecraft:diamond":5,"minecraft:crafting_table":6,"minecraft:cooked_porkchop":10,"minecraft:cookie":26,"minecraft:rooted_dirt":3,"minecraft:leather":17,"minecraft:jungle_planks":17,"minecraft:birch_slab":28,"minecraft:leather_helmet":1,"minecraft:cod":1,"minecraft:dirt":1390,"minecraft:birch_fence":21,"minecraft:cornflower":16,"minecraft:mutton":1,"minecraft:cut_sandstone":18,"minecraft:bone_meal":11,"minecraft:iron_pickaxe":4,"minecraft:birch_log":38,"minecraft:white_wool":3,"minecraft:bone":15,"minecraft:oak_door":10,"minecraft:stone_axe":5,"minecraft:purpur_block":1,"minecraft:sugar_cane":6,"minecraft:lever":1,"minecraft:cobbled_deepslate":189,"minecraft:wheat":4,"minecraft:birch_sapling":6,"minecraft:obsidian":1,"minecraft:rotten_flesh":58,"minecraft:oak_planks":128,"minecraft:white_candle":2,"minecraft:mossy_stone_brick_slab":3,"minecraft:cooked_mutton":10,"minecraft:azure_bluet":2,"minecraft:white_bed":5,"minecraft:carrot":55,"minecraft:birch_fence_gate":26,"minecraft:chiseled_stone_bricks":4,"minecraft:poppy":83,"minecraft:oak_fence_gate":3,"minecraft:gunpowder":12,"minecraft:azalea_leaves":61,"minecraft:quartz_block":2,"minecraft:leather_boots":2,"minecraft:azalea":22,"minecraft:birch_door":2,"minecraft:spruce_slab":7,"minecraft:firework_rocket":36,"minecraft:arrow":19,"minecraft:glass":19,"minecraft:beef":1,"minecraft:flowering_azalea_leaves":1,"minecraft:stone_brick_stairs":5,"minecraft:oak_leaves":40,"minecraft:cherry_fence":2,"minecraft:netherrack":20,"minecraft:egg":6,"minecraft:bread":2,"minecraft:stone_hoe":3,"minecraft:water_bucket":5,"minecraft:enchanted_book":1,"minecraft:iron_ingot":4,"minecraft:oak_slab":9,"minecraft:wheat_seeds":225,"minecraft:cherry_log":84,"minecraft:poisonous_potato":1,"minecraft:cobbled_deepslate_wall":3,"minecraft:oak_fence":3,"minecraft:iron_helmet":1,"minecraft:cobblestone":127,"minecraft:lead":2,"minecraft:apple":2,"minecraft:granite":41,"minecraft:copper_ingot":7,"minecraft:coal":10,"minecraft:stick":14,"minecraft:oxeye_daisy":1,"minecraft:deepslate_brick_stairs":3,"minecraft:diorite":5,"minecraft:golden_carrot":6,"minecraft:torch":20,"minecraft:cherry_planks":19,"minecraft:iron_leggings":1,"minecraft:oak_stairs":26,"minecraft:iron_axe":1,"minecraft:mossy_cobblestone_stairs":1,"minecraft:iron_shovel":2,"minecraft:string":69,"minecraft:tripwire_hook":2,"minecraft:music_disc_cat":1,"minecraft:acacia_planks":1,"minecraft:spruce_sapling":2,"minecraft:stone_brick_slab":4,"minecraft:dandelion":6,"minecraft:redstone":3,"minecraft:furnace":1,"minecraft:kelp":75,"minecraft:oak_trapdoor":4,"minecraft:cobblestone_wall":10,"minecraft:raw_copper":21,"minecraft:stone_shovel":7,"minecraft:chicken":3,"minecraft:iron_boots":1,"minecraft:cherry_slab":2,"minecraft:shears":2,"minecraft:deepslate_bricks":6,"minecraft:stone":14,"minecraft:oak_button":4,"minecraft:spruce_planks":102,"minecraft:diamond_pickaxe":2,"minecraft:iron_chestplate":1,"minecraft:andesite":5,"minecraft:oak_boat":1,"minecraft:oak_sapling":10,"minecraft:wooden_shovel":1,"minecraft:golden_sword":1,"minecraft:redstone_torch":1,"minecraft:spider_eye":16,"minecraft:bamboo":3,"minecraft:spruce_log":47,"minecraft:bow":1,"minecraft:stone_pickaxe":1,"minecraft:wooden_pickaxe":2},"minecraft:custom":{"minecraft:animals_bred":3,"minecraft:interact_with_crafting_table":172,"minecraft:open_barrel":32,"minecraft:bell_ring":7,"minecraft:leave_game":22,"minecraft:time_since_death":2725,"minecraft:sprint_one_cm":4322192,"minecraft:drop":1393,"minecraft:talked_to_villager":20,"minecraft:play_time":1170852,"minecraft:deaths":48,"minecraft:jump":10989,"minecraft:interact_with_brewingstand":2,"minecraft:walk_on_water_one_cm":84828,"minecraft:interact_with_furnace":104,"minecraft:traded_with_villager":1,"minecraft:sleep_in_bed":42,"minecraft:open_enderchest":5,"minecraft:damage_dealt":52225,"minecraft:player_kills":8,"minecraft:crouch_one_cm":86373,"minecraft:interact_with_smoker":14,"minecraft:inspect_dispenser":3,"minecraft:horse_one_cm":166743,"minecraft:interact_with_anvil":4,"minecraft:mob_kills":1106,"minecraft:inspect_hopper":1,"minecraft:climb_one_cm":110788,"minecraft:walk_one_cm":4387610,"minecraft:sneak_time":29672,"minecraft:walk_under_water_one_cm":76456,"minecraft:boat_one_cm":8404,"minecraft:interact_with_blast_furnace":5,"minecraft:total_world_time":1170852,"minecraft:interact_with_stonecutter":26,"minecraft:interact_with_grindstone":1,"minecraft:time_since_rest":2841,"minecraft:damage_taken":33909,"minecraft:swim_one_cm":96239,"minecraft:fly_one_cm":2085848,"minecraft:open_chest":450,"minecraft:aviate_one_cm":1783347,"minecraft:fall_one_cm":401256},"minecraft:crafted":{"minecraft:oxidized_cut_copper_slab":8,"minecraft:oak_planks":1268,"minecraft:cobblestone_slab":18,"minecraft:cherry_slab":42,"minecraft:mossy_stone_brick_slab":46,"minecraft:birch_slab":42,"minecraft:cherry_boat":1,"minecraft:stone":238,"minecraft:lever":1,"minecraft:cooked_mutton":7,"minecraft:warped_planks":12,"minecraft:stone_brick_slab":4,"minecraft:diamond_helmet":1,"minecraft:iron_boots":3,"minecraft:birch_fence_gate":30,"minecraft:blackstone_wall":6,"minecraft:chest":8,"minecraft:oak_button":4,"minecraft:birch_door":3,"minecraft:chiseled_stone_bricks":4,"minecraft:stone_hoe":4,"minecraft:stone_bricks":66,"minecraft:oak_fence":90,"minecraft:cherry_fence":36,"minecraft:oak_slab":24,"minecraft:wooden_shovel":1,"minecraft:cooked_porkchop":20,"minecraft:diamond_axe":1,"minecraft:crafting_table":17,"minecraft:spruce_planks":136,"minecraft:iron_helmet":3,"minecraft:wooden_pickaxe":1,"minecraft:baked_potato":89,"minecraft:cobbled_deepslate_wall":16,"minecraft:copper_ingot":7,"minecraft:birch_planks":356,"minecraft:book":1,"minecraft:cherry_sign":3,"minecraft:stone_brick_stairs":27,"minecraft:paper":192,"minecraft:iron_chestplate":3,"minecraft:diamond_pickaxe":2,"minecraft:birch_fence":75,"minecraft:stick":324,"minecraft:iron_ingot":21,"minecraft:iron_pickaxe":6,"minecraft:redstone_torch":1,"minecraft:birch_stairs":4,"minecraft:shears":3,"minecraft:cherry_planks":200,"minecraft:oak_door":9,"minecraft:stone_shovel":8,"minecraft:leather_boots":1,"minecraft:mossy_stone_bricks":66,"minecraft:furnace":10,"minecraft:mossy_cobblestone_stairs":1,"minecraft:bone_meal":24,"minecraft:oak_trapdoor":22,"minecraft:warped_trapdoor":4,"minecraft:scaffolding":48,"minecraft:cherry_trapdoor":2,"minecraft:iron_axe":5,"minecraft:iron_hoe":1,"minecraft:stone_pickaxe":1,"minecraft:cobblestone_wall":12,"minecraft:cooked_beef":29,"minecraft:iron_sword":4,"minecraft:leather_helmet":1,"minecraft:bucket":9,"minecraft:stone_axe":1,"minecraft:enchanted_book":1,"minecraft:air":0,"minecraft:bread":67,"minecraft:oak_boat":1,"minecraft:mossy_stone_brick_stairs":6,"minecraft:oak_stairs":140,"minecraft:iron_shovel":12,"minecraft:iron_leggings":3,"minecraft:acacia_planks":32,"minecraft:torch":116,"minecraft:firework_rocket":192}},"DataVersion":3839}