{"stats":{"minecraft:picked_up":{"minecraft:iron_chestplate":4,"minecraft:anvil":3,"minecraft:lead":14,"minecraft:diamond_sword":4,"minecraft:oak_stairs":69,"minecraft:enchanted_book":27,"minecraft:birch_button":2,"minecraft:brewing_stand":2,"minecraft:golden_sword":1,"minecraft:amethyst_block":130,"minecraft:polished_blackstone_brick_stairs":2,"minecraft:string":1156,"minecraft:dark_oak_trapdoor":2,"minecraft:soul_soil":5,"minecraft:shroomlight":4,"minecraft:diamond_leggings":11,"minecraft:gold_nugget":830,"minecraft:cobbled_deepslate":497,"minecraft:spruce_planks":6,"minecraft:netherite_upgrade_smithing_template":9,"minecraft:melon_slice":97,"minecraft:mangrove_log":1,"minecraft:composter":11,"minecraft:purpur_pillar":2,"minecraft:acacia_log":80,"minecraft:golden_axe":1,"minecraft:warped_planks":1,"minecraft:stone_sword":5,"minecraft:command_block":1,"minecraft:vex_armor_trim_smithing_template":2,"minecraft:armadillo_scute":2,"minecraft:iron_block":7,"minecraft:carved_pumpkin":1,"minecraft:end_rod":2,"minecraft:white_terracotta":57,"minecraft:netherite_chestplate":2,"minecraft:blaze_rod":63,"minecraft:iron_bars":2,"minecraft:birch_log":4,"minecraft:feather":10,"minecraft:cooked_beef":9,"minecraft:iron_door":8,"minecraft:birch_slab":2,"minecraft:water_bucket":17,"minecraft:jungle_log":9,"minecraft:dark_oak_boat":13,"minecraft:flint":15,"minecraft:netherite_leggings":3,"minecraft:lantern":5,"minecraft:chipped_anvil":1,"minecraft:stonecutter":1,"minecraft:diamond_helmet":12,"minecraft:glowstone_dust":15,"minecraft:moss_block":4,"minecraft:warped_wart_block":14,"minecraft:stripped_spruce_log":1,"minecraft:dark_oak_log":135,"minecraft:barrel":1,"minecraft:dispenser":9,"minecraft:lever":3,"minecraft:writable_book":1,"minecraft:granite":55,"minecraft:bread":1,"minecraft:cherry_slab":13,"minecraft:crimson_roots":11,"minecraft:diamond_pickaxe":9,"minecraft:spruce_leaves":9,"minecraft:crafting_table":22,"minecraft:nether_wart":103,"minecraft:clay_ball":44,"minecraft:stripped_cherry_log":2,"minecraft:cornflower":10,"minecraft:elytra":1,"minecraft:flint_and_steel":7,"minecraft:compass":9,"minecraft:white_carpet":57,"minecraft:iron_shovel":20,"minecraft:cracked_stone_bricks":3,"minecraft:cartography_table":3,"minecraft:netherite_sword":1,"minecraft:beef":9,"minecraft:iron_nugget":64,"minecraft:poppy":50,"minecraft:spruce_slab":34,"minecraft:minecart":31,"minecraft:chest":51,"minecraft:birch_sapling":10,"minecraft:piston":5,"minecraft:egg":17,"minecraft:stone":21,"minecraft:fire_charge":12,"minecraft:carrot":101,"minecraft:redstone":109,"minecraft:netherite_pickaxe":1,"minecraft:stone_shovel":2,"minecraft:diamond_chestplate":16,"minecraft:shears":1,"minecraft:deepslate_bricks":108,"minecraft:diamond_boots":9,"minecraft:hay_block":16,"minecraft:gold_ingot":114,"minecraft:totem_of_undying":40,"minecraft:glow_berries":3,"minecraft:mutton":14,"minecraft:white_wool":31,"minecraft:rail":284,"minecraft:oxeye_daisy":2,"minecraft:lapis_ore":8,"minecraft:tripwire_hook":6,"minecraft:oak_log":132,"minecraft:lily_pad":1,"minecraft:ancient_debris":33,"minecraft:blue_bed":3,"minecraft:paper":75,"minecraft:white_banner":124,"minecraft:apple":2,"minecraft:stone_bricks":4,"minecraft:kelp":7,"minecraft:warped_stem":7,"minecraft:oak_fence_gate":1,"minecraft:stone_pickaxe":2,"minecraft:glass_bottle":44,"minecraft:iron_sword":8,"minecraft:flowering_azalea":3,"minecraft:spyglass":2,"minecraft:torchflower_seeds":1,"minecraft:gravel":170,"minecraft:spruce_sapling":21,"minecraft:spruce_log":139,"minecraft:crying_obsidian":53,"minecraft:dragon_egg":1,"minecraft:diamond_shovel":4,"minecraft:stone_axe":1,"minecraft:rib_armor_trim_smithing_template":4,"minecraft:diamond_axe":8,"minecraft:birch_sign":3,"minecraft:warped_roots":5,"minecraft:baked_potato":438,"minecraft:warped_nylium":2,"minecraft:stripped_dark_oak_log":1,"minecraft:mangrove_propagule":1,"minecraft:hopper":6,"minecraft:ender_pearl":103,"minecraft:shulker_shell":9,"minecraft:wheat":66,"minecraft:iron_trapdoor":3,"minecraft:potion":9,"minecraft:nether_brick":126,"minecraft:raw_copper":32,"minecraft:iron_leggings":4,"minecraft:netherite_ingot":1,"minecraft:oak_sign":4,"minecraft:bucket":2,"minecraft:eye_armor_trim_smithing_template":1,"minecraft:redstone_torch":97,"minecraft:ender_eye":23,"minecraft:iron_pickaxe":12,"minecraft:iron_boots":4,"minecraft:furnace":7,"minecraft:stick":178,"minecraft:deepslate_brick_wall":2,"minecraft:birch_trapdoor":3,"minecraft:oak_fence":4,"minecraft:torch":239,"minecraft:porkchop":43,"minecraft:netherite_shovel":2,"minecraft:target":1,"minecraft:diorite":24,"minecraft:quartz_block":4,"minecraft:rotten_flesh":290,"minecraft:mangrove_roots":1,"minecraft:obsidian":68,"minecraft:cod":6,"minecraft:blaze_powder":5,"minecraft:cobblestone":2986,"minecraft:pink_petals":20,"minecraft:repeater":2,"minecraft:magma_cream":12,"minecraft:cherry_planks":2,"minecraft:andesite":162,"minecraft:potato":253,"minecraft:tuff":51,"minecraft:wither_skeleton_skull":2,"minecraft:acacia_boat":6,"minecraft:lapis_lazuli":209,"minecraft:dirt":1868,"minecraft:name_tag":4,"minecraft:glass":23,"minecraft:bone":216,"minecraft:acacia_planks":15,"minecraft:bow":8,"minecraft:wheat_seeds":255,"minecraft:deepslate_brick_slab":9,"minecraft:raw_gold":1,"minecraft:cobbled_deepslate_slab":10,"minecraft:bell":28,"minecraft:grindstone":1,"minecraft:mossy_stone_bricks":1,"minecraft:bamboo":152,"minecraft:powered_rail":47,"minecraft:oak_planks":172,"minecraft:stone_hoe":6,"minecraft:cooked_porkchop":22,"minecraft:oak_pressure_plate":1,"minecraft:poisonous_potato":1,"minecraft:sand":142,"minecraft:grass_block":1,"minecraft:spectral_arrow":271,"minecraft:mossy_cobblestone":66,"minecraft:sugar":24,"minecraft:clay":1,"minecraft:diamond":342,"minecraft:netherite_helmet":3,"minecraft:cracked_polished_blackstone_bricks":46,"minecraft:crossbow":33,"minecraft:bone_meal":14,"minecraft:emerald":874,"minecraft:oak_sapling":49,"minecraft:netherrack":2743,"minecraft:oak_leaves":209,"minecraft:nether_star":1,"minecraft:end_stone_bricks":2,"minecraft:splash_potion":3,"minecraft:chicken":17,"minecraft:ladder":11,"minecraft:wooden_pickaxe":3,"minecraft:gold_block":21,"minecraft:chain":4,"minecraft:shield":5,"minecraft:oak_trapdoor":12,"minecraft:moss_carpet":6,"minecraft:iron_axe":17,"minecraft:blackstone":129,"minecraft:oak_boat":24,"minecraft:lectern":1143,"minecraft:sugar_cane":6,"minecraft:spruce_trapdoor":15,"minecraft:cherry_trapdoor":1,"minecraft:phantom_membrane":34,"minecraft:raw_iron":75,"minecraft:end_stone":49,"minecraft:copper_ingot":2,"minecraft:polished_blackstone_bricks":80,"minecraft:stone_button":3,"minecraft:trident":1,"minecraft:dark_oak_planks":3,"minecraft:arrow":318,"minecraft:weeping_vines":2,"minecraft:pumpkin_pie":30,"minecraft:nether_bricks":89,"minecraft:saddle":9,"minecraft:netherite_boots":2,"minecraft:basalt":16,"minecraft:golden_carrot":126,"minecraft:glow_ink_sac":3,"minecraft:leather":85,"minecraft:birch_planks":127,"minecraft:crimson_fungus":3,"minecraft:cobblestone_wall":3,"minecraft:nether_wart_block":3,"minecraft:gunpowder":56,"minecraft:cobblestone_stairs":5,"minecraft:orange_terracotta":16,"minecraft:cooked_mutton":1,"minecraft:coast_armor_trim_smithing_template":1,"minecraft:red_carpet":6,"minecraft:iron_ingot":421,"minecraft:cooked_chicken":8,"minecraft:soul_sand":301,"minecraft:book":1499,"minecraft:oak_slab":1,"minecraft:scaffolding":92,"minecraft:pink_bed":1,"minecraft:warped_fungus":1,"minecraft:emerald_block":86,"minecraft:birch_boat":10,"minecraft:chiseled_stone_bricks":3,"minecraft:stone_brick_slab":7,"minecraft:quartz":905,"minecraft:dandelion":29,"minecraft:amethyst_shard":76,"minecraft:blast_furnace":3,"minecraft:white_bed":27,"minecraft:spider_eye":74,"minecraft:lime_banner":3,"minecraft:pumpkin_seeds":4,"minecraft:iron_helmet":4,"minecraft:terracotta":5,"minecraft:acacia_slab":10,"minecraft:coal":132},"minecraft:used":{"minecraft:writable_book":1,"minecraft:dispenser":4,"minecraft:spruce_slab":20,"minecraft:ladder":27,"minecraft:chest":31,"minecraft:rotten_flesh":4,"minecraft:soul_sand":212,"minecraft:deepslate_brick_slab":200,"minecraft:lava_bucket":13,"minecraft:netherite_shovel":53,"minecraft:lime_banner":2,"minecraft:villager_spawn_egg":1,"minecraft:birch_sapling":9,"minecraft:quartz_block":2,"minecraft:bow":420,"minecraft:dark_oak_boat":11,"minecraft:oak_sapling":43,"minecraft:furnace":9,"minecraft:acacia_fence":3,"minecraft:egg":10,"minecraft:potato":76,"minecraft:diorite":6,"minecraft:mossy_stone_bricks":1,"minecraft:powered_rail":23,"minecraft:blackstone":104,"minecraft:wooden_pickaxe":10,"minecraft:fox_spawn_egg":3,"minecraft:composter":13,"minecraft:dark_oak_trapdoor":2,"minecraft:blast_furnace":3,"minecraft:lightning_rod":5,"minecraft:crying_obsidian":46,"minecraft:birch_slab":10,"minecraft:stone_button":1,"minecraft:lectern":1140,"minecraft:oak_pressure_plate":1,"minecraft:diamond_sword":727,"minecraft:fire_charge":2,"minecraft:nether_wart_block":3,"minecraft:white_stained_glass":8,"minecraft:oak_boat":24,"minecraft:oak_trapdoor":123,"minecraft:iron_bars":16,"minecraft:stone_sword":70,"minecraft:carved_pumpkin":1,"minecraft:netherrack":698,"minecraft:torch":98,"minecraft:anvil":6,"minecraft:target":1,"minecraft:warped_wart_block":9,"minecraft:oak_fence_gate":2,"minecraft:iron_block":9,"minecraft:iron_axe":1562,"minecraft:cherry_slab":6,"minecraft:totem_of_undying":10,"minecraft:barrel":1,"minecraft:bamboo":7,"minecraft:diamond_chestplate":2,"minecraft:tripwire_hook":3,"minecraft:basalt":7,"minecraft:orange_terracotta":7,"minecraft:cobbled_deepslate":96,"minecraft:acacia_planks":8,"minecraft:golden_axe":4,"minecraft:wheat_seeds":240,"minecraft:water_bucket":302,"minecraft:birch_planks":79,"minecraft:lead":4,"minecraft:cartography_table":2,"minecraft:cherry_planks":1,"minecraft:deepslate_bricks":234,"minecraft:polished_blackstone_bricks":66,"minecraft:mossy_cobblestone":1,"minecraft:rail":126,"minecraft:crafting_table":36,"minecraft:oak_slab":4,"minecraft:birch_sign":5,"minecraft:white_bed":32,"minecraft:campfire":2,"minecraft:spruce_log":1,"minecraft:ender_eye":41,"minecraft:diamond_pickaxe":1956,"minecraft:diamond_shovel":633,"minecraft:iron_pickaxe":1198,"minecraft:spruce_trapdoor":138,"minecraft:spruce_sapling":18,"minecraft:pink_bed":1,"minecraft:cobblestone":722,"minecraft:potion":2,"minecraft:cooked_porkchop":53,"minecraft:diamond_leggings":2,"minecraft:jukebox":1,"minecraft:iron_shovel":359,"minecraft:oak_sign":4,"minecraft:shield":107,"minecraft:nether_wart":85,"minecraft:iron_sword":474,"minecraft:zombie_spawn_egg":5,"minecraft:bell":27,"minecraft:spruce_leaves":9,"minecraft:jungle_planks":26,"minecraft:nether_bricks":59,"minecraft:carrot":30,"minecraft:tuff":2,"minecraft:obsidian":59,"minecraft:milk_bucket":4,"minecraft:glass":5,"minecraft:birch_trapdoor":33,"minecraft:repeater":4,"minecraft:red_carpet":2,"minecraft:magma_block":4,"minecraft:hay_block":1,"minecraft:scaffolding":603,"minecraft:end_rod":1,"minecraft:diamond_boots":3,"minecraft:wither_skeleton_skull":4,"minecraft:stone_pickaxe":566,"minecraft:mangrove_planks":4,"minecraft:oak_planks":51,"minecraft:ender_pearl":30,"minecraft:diamond_axe":627,"minecraft:blue_bed":4,"minecraft:white_wool":6,"minecraft:crossbow":113,"minecraft:end_stone":43,"minecraft:shears":159,"minecraft:redstone_torch":37,"minecraft:lever":2,"minecraft:firework_rocket":39,"minecraft:melon_slice":91,"minecraft:bread":86,"minecraft:string":13,"minecraft:iron_door":8,"minecraft:gravel":23,"minecraft:torchflower_seeds":1,"minecraft:grindstone":1,"minecraft:andesite":10,"minecraft:bone_meal":5,"minecraft:netherite_sword":1803,"minecraft:oak_fence":10,"minecraft:trident":12,"minecraft:flint_and_steel":338,"minecraft:redstone":30,"minecraft:stone_shovel":144,"minecraft:stone_hoe":170,"minecraft:cooked_chicken":13,"minecraft:spyglass":196,"minecraft:dirt":376,"minecraft:white_carpet":60,"minecraft:hopper":5,"minecraft:diamond_helmet":2,"minecraft:granite":4,"minecraft:dark_oak_planks":1,"minecraft:iron_hoe":1,"minecraft:stone_brick_slab":4,"minecraft:oak_stairs":22,"minecraft:golden_carrot":309,"minecraft:emerald_block":47,"minecraft:netherite_pickaxe":6060,"minecraft:minecart":13,"minecraft:cooked_beef":21,"minecraft:powder_snow_bucket":6,"minecraft:pumpkin":1,"minecraft:cooked_mutton":34,"minecraft:cobblestone_stairs":4,"minecraft:baked_potato":300,"minecraft:birch_boat":8,"minecraft:stonecutter":1,"minecraft:terracotta":4,"minecraft:warped_planks":15,"minecraft:piston":3,"minecraft:apple":7,"minecraft:cracked_polished_blackstone_bricks":32,"minecraft:chicken":2,"minecraft:lapis_ore":8,"minecraft:stone_axe":369,"minecraft:pink_petals":13,"minecraft:cobbled_deepslate_slab":10,"minecraft:bucket":332,"minecraft:pumpkin_pie":30,"minecraft:splash_potion":2},"minecraft:broken":{"minecraft:golden_boots":1,"minecraft:iron_sword":1,"minecraft:iron_axe":5,"minecraft:iron_pickaxe":2,"minecraft:golden_helmet":1,"minecraft:iron_shovel":1,"minecraft:stone_pickaxe":2,"minecraft:stone_axe":3,"minecraft:stone_shovel":1,"minecraft:flint_and_steel":4,"minecraft:golden_axe":1},"minecraft:killed":{"minecraft:shulker":26,"minecraft:skeleton":109,"minecraft:fox":2,"minecraft:chicken":6,"minecraft:tropical_fish":1,"minecraft:cat":7,"minecraft:magma_cube":26,"minecraft:iron_golem":17,"minecraft:ender_dragon":1,"minecraft:pillager":530,"minecraft:zombie":198,"minecraft:glow_squid":2,"minecraft:cow":7,"minecraft:evoker":80,"minecraft:endermite":1,"minecraft:vindicator":314,"minecraft:warden":1,"minecraft:ravager":11,"minecraft:enderman":79,"minecraft:witch":87,"minecraft:zombified_piglin":10,"minecraft:spider":38,"minecraft:wither":1,"minecraft:silverfish":2,"minecraft:piglin_brute":12,"minecraft:wolf":1,"minecraft:piglin":21,"minecraft:pig":8,"minecraft:zombie_villager":4,"minecraft:strider":1,"minecraft:creeper":49,"minecraft:sheep":8,"minecraft:ghast":3,"minecraft:blaze":29,"minecraft:vex":35,"minecraft:armadillo":2,"minecraft:phantom":23,"minecraft:panda":4,"minecraft:drowned":35,"minecraft:bat":2,"minecraft:hoglin":19,"minecraft:wither_skeleton":39,"minecraft:villager":13},"minecraft:mined":{"minecraft:dark_oak_planks":11,"minecraft:white_bed":20,"minecraft:obsidian":63,"minecraft:carved_pumpkin":1,"minecraft:granite":55,"minecraft:red_sand":4,"minecraft:acacia_log":81,"minecraft:jungle_log":9,"minecraft:deepslate_bricks":48,"minecraft:hopper":4,"minecraft:crimson_fungus":1,"minecraft:oak_wall_sign":2,"minecraft:nether_wart":33,"minecraft:chiseled_stone_bricks":3,"minecraft:spawner":3,"minecraft:weeping_vines_plant":3,"minecraft:polished_blackstone_bricks":77,"minecraft:tall_seagrass":2,"minecraft:dark_oak_trapdoor":2,"minecraft:sticky_piston":3,"minecraft:cobbled_deepslate":25,"minecraft:fire":384,"minecraft:barrel":2,"minecraft:moss_carpet":3,"minecraft:deepslate_lapis_ore":4,"minecraft:fletching_table":1,"minecraft:oak_sign":1,"minecraft:dirt_path":2,"minecraft:oak_stairs":29,"minecraft:iron_block":1,"minecraft:tripwire":6,"minecraft:kelp_plant":1,"minecraft:crimson_nylium":37,"minecraft:smoker":2,"minecraft:soul_fire":11,"minecraft:amethyst_cluster":4,"minecraft:powder_snow":10,"minecraft:torch":10,"minecraft:blast_furnace":5,"minecraft:melon":20,"minecraft:glass":2,"minecraft:sugar_cane":2,"minecraft:amethyst_block":151,"minecraft:cherry_slab":3,"minecraft:chain":1,"minecraft:repeater":2,"minecraft:wheat":50,"minecraft:oak_fence_gate":1,"minecraft:mangrove_log":1,"minecraft:smooth_basalt":2,"minecraft:stonecutter":2,"minecraft:piston":3,"minecraft:deepslate":515,"minecraft:mossy_cobblestone":13,"minecraft:dark_oak_log":143,"minecraft:end_stone":52,"minecraft:cobbled_deepslate_slab":8,"minecraft:nether_bricks":84,"minecraft:crimson_roots":14,"minecraft:redstone_wire":27,"minecraft:kelp":2,"minecraft:cartography_table":4,"minecraft:snow":1,"minecraft:andesite":227,"minecraft:potatoes":76,"minecraft:vine":7,"minecraft:rail":77,"minecraft:warped_stem":8,"minecraft:bamboo_sapling":2,"minecraft:bamboo":24,"minecraft:white_wool":10,"minecraft:glass_pane":16,"minecraft:cherry_planks":2,"minecraft:soul_sand":99,"minecraft:stone_brick_slab":2,"minecraft:dandelion":4,"minecraft:cornflower":1,"minecraft:short_grass":188,"minecraft:warped_roots":1,"minecraft:copper_ore":3,"minecraft:tall_grass":35,"minecraft:purpur_pillar":1,"minecraft:diorite":58,"minecraft:warped_wart_block":15,"minecraft:cobblestone_wall":4,"minecraft:white_carpet":18,"minecraft:spruce_log":144,"minecraft:gravel":63,"minecraft:cobweb":19,"minecraft:birch_sign":3,"minecraft:stone_bricks":3,"minecraft:chipped_anvil":1,"minecraft:fern":5,"minecraft:large_amethyst_bud":1,"minecraft:oak_sapling":4,"minecraft:mossy_stone_brick_slab":3,"minecraft:cobblestone_stairs":3,"minecraft:brewing_stand":1,"minecraft:spruce_trapdoor":14,"minecraft:lime_banner":1,"minecraft:budding_amethyst":8,"minecraft:grass_block":357,"minecraft:cracked_polished_blackstone_bricks":59,"minecraft:soul_soil":11,"minecraft:composter":11,"minecraft:gilded_blackstone":1,"minecraft:iron_ore":51,"minecraft:target":1,"minecraft:anvil":2,"minecraft:iron_bars":2,"minecraft:azalea_leaves":1,"minecraft:end_stone_bricks":2,"minecraft:spruce_slab":9,"minecraft:quartz_block":1,"minecraft:blackstone":77,"minecraft:orange_terracotta":19,"minecraft:clay":20,"minecraft:calcite":5,"minecraft:poppy":5,"minecraft:chest":9,"minecraft:wither_skeleton_wall_skull":1,"minecraft:nether_quartz_ore":367,"minecraft:cobblestone":293,"minecraft:grindstone":1,"minecraft:oak_planks":55,"minecraft:iron_door":8,"minecraft:wall_torch":14,"minecraft:cauldron":1,"minecraft:pink_petals":5,"minecraft:seagrass":1,"minecraft:warped_nylium":16,"minecraft:powered_rail":12,"minecraft:nether_wart_block":8,"minecraft:warped_planks":1,"minecraft:birch_trapdoor":4,"minecraft:purpur_block":1,"minecraft:oak_log":62,"minecraft:sand":171,"minecraft:dirt":962,"minecraft:tripwire_hook":4,"minecraft:dispenser":6,"minecraft:netherrack":4574,"minecraft:ancient_debris":34,"minecraft:oak_leaves":180,"minecraft:nether_gold_ore":213,"minecraft:crying_obsidian":1,"minecraft:diamond_ore":5,"minecraft:tuff":88,"minecraft:red_carpet":2,"minecraft:dark_oak_leaves":1,"minecraft:deepslate_diamond_ore":133,"minecraft:mangrove_roots":1,"minecraft:glow_lichen":1,"minecraft:ladder":1,"minecraft:stone_button":1,"minecraft:birch_slab":2,"minecraft:spruce_leaves":54,"minecraft:sandstone":46,"minecraft:rooted_dirt":14,"minecraft:hay_block":16,"minecraft:deepslate_brick_slab":7,"minecraft:oak_trapdoor":12,"minecraft:furnace":6,"minecraft:carrots":7,"minecraft:nether_sprouts":1,"minecraft:gold_block":18,"minecraft:bell":29,"minecraft:nether_brick_fence":4,"minecraft:bookshelf":254,"minecraft:lime_wall_banner":2,"minecraft:shroomlight":2,"minecraft:deepslate_iron_ore":13,"minecraft:lantern":1,"minecraft:stripped_oak_log":13,"minecraft:packed_ice":1,"minecraft:stone":1607,"minecraft:redstone_wall_torch":4,"minecraft:podzol":2,"minecraft:scaffolding":4,"minecraft:acacia_leaves":5,"minecraft:infested_stone_bricks":1,"minecraft:stripped_dark_oak_log":1,"minecraft:basalt":20,"minecraft:oak_fence":4,"minecraft:crafting_table":22,"minecraft:lectern":1134,"minecraft:lapis_ore":8,"minecraft:lily_pad":1,"minecraft:polished_blackstone_brick_stairs":3,"minecraft:blue_bed":3,"minecraft:birch_planks":80,"minecraft:redstone_torch":27,"minecraft:ice":3,"minecraft:coal_ore":39,"minecraft:cherry_leaves":1,"minecraft:end_rod":1,"minecraft:cracked_stone_bricks":3,"minecraft:terracotta":5,"minecraft:small_dripleaf":2,"minecraft:mossy_stone_bricks":2,"minecraft:birch_fence":1},"minecraft:killed_by":{"minecraft:vindicator":5,"minecraft:player":1},"minecraft:dropped":{"minecraft:clay":1,"minecraft:iron_sword":2,"minecraft:piston":9,"minecraft:porkchop":3,"minecraft:lapis_lazuli":115,"minecraft:oak_pressure_plate":1,"minecraft:glow_ink_sac":3,"minecraft:glass_bottle":32,"minecraft:diamond":102,"minecraft:cooked_porkchop":9,"minecraft:crossbow":24,"minecraft:weeping_vines":2,"minecraft:glow_berries":3,"minecraft:warped_roots":5,"minecraft:cracked_stone_bricks":3,"minecraft:saddle":7,"minecraft:rail":68,"minecraft:red_carpet":4,"minecraft:emerald":226,"minecraft:gold_block":3,"minecraft:dirt":1444,"minecraft:stone_button":4,"minecraft:netherite_boots":1,"minecraft:chain":45,"minecraft:writable_book":1,"minecraft:gold_nugget":21,"minecraft:bone_meal":6,"minecraft:phantom_membrane":24,"minecraft:sand":14,"minecraft:sugar":19,"minecraft:iron_pickaxe":8,"minecraft:dark_oak_planks":5,"minecraft:dark_oak_boat":3,"minecraft:white_wool":13,"minecraft:bone":215,"minecraft:sugar_cane":1,"minecraft:emerald_block":109,"minecraft:stone_axe":4,"minecraft:compass":1,"minecraft:ancient_debris":5,"minecraft:lever":3,"minecraft:iron_nugget":64,"minecraft:cooked_chicken":7,"minecraft:cobbled_deepslate":252,"minecraft:nether_brick":126,"minecraft:birch_sapling":1,"minecraft:wheat":58,"minecraft:obsidian":12,"minecraft:rotten_flesh":226,"minecraft:oak_planks":235,"minecraft:netherite_shovel":1,"minecraft:glowstone_dust":13,"minecraft:end_stone":6,"minecraft:golden_shovel":1,"minecraft:white_bed":1,"minecraft:eye_armor_trim_smithing_template":1,"minecraft:quartz_block":194,"minecraft:hopper":6,"minecraft:ladder":1,"minecraft:spruce_slab":1,"minecraft:white_dye":5,"minecraft:end_stone_bricks":2,"minecraft:glass":153,"minecraft:warped_wart_block":5,"minecraft:crying_obsidian":12,"minecraft:cartography_table":1,"minecraft:lectern":1,"minecraft:egg":7,"minecraft:enchanted_book":4,"minecraft:iron_ingot":19,"minecraft:wheat_seeds":138,"minecraft:deepslate_brick_wall":1,"minecraft:netherite_chestplate":1,"minecraft:netherite_helmet":2,"minecraft:iron_helmet":6,"minecraft:feather":6,"minecraft:cobblestone":1338,"minecraft:book":53,"minecraft:granite":46,"minecraft:command_block":1,"minecraft:coal":78,"minecraft:golden_apple":1,"minecraft:lime_banner":1,"minecraft:lava_bucket":1,"minecraft:cherry_planks":1,"minecraft:diamond_helmet":3,"minecraft:rib_armor_trim_smithing_template":1,"minecraft:potion":7,"minecraft:oak_stairs":41,"minecraft:armadillo_scute":2,"minecraft:white_banner":114,"minecraft:iron_shovel":8,"minecraft:paper":2,"minecraft:string":568,"minecraft:acacia_planks":15,"minecraft:spruce_sapling":3,"minecraft:stone_brick_slab":3,"minecraft:purpur_pillar":2,"minecraft:furnace":1,"minecraft:moss_carpet":6,"minecraft:soul_soil":5,"minecraft:netherite_ingot":2,"minecraft:stone_sword":6,"minecraft:cobblestone_wall":3,"minecraft:chicken":6,"minecraft:white_carpet":9,"minecraft:clay_ball":44,"minecraft:iron_boots":5,"minecraft:cherry_slab":10,"minecraft:name_tag":5,"minecraft:cobbled_deepslate_slab":131,"minecraft:nether_bricks":16,"minecraft:oak_sign":1,"minecraft:shears":2,"minecraft:diamond_sword":1,"minecraft:potato":14,"minecraft:shroomlight":4,"minecraft:stone":21,"minecraft:spruce_trapdoor":2,"minecraft:spruce_planks":4,"minecraft:redstone_torch":13,"minecraft:spider_eye":66,"minecraft:stone_bricks":4,"minecraft:bamboo":41,"minecraft:birch_boat":1,"minecraft:bow":5,"minecraft:vex_armor_trim_smithing_template":2,"minecraft:terracotta":1,"minecraft:acacia_boat":1,"minecraft:moss_block":4,"minecraft:soul_sand":34,"minecraft:birch_planks":36,"minecraft:diamond_axe":3,"minecraft:warped_fungus":1,"minecraft:oak_log":29,"minecraft:baked_potato":81,"minecraft:ender_pearl":1,"minecraft:nether_star":1,"minecraft:netherite_upgrade_smithing_template":10,"minecraft:lantern":3,"minecraft:leather":77,"minecraft:birch_slab":1,"minecraft:cod":6,"minecraft:flint":14,"minecraft:cobblestone_stairs":5,"minecraft:cracked_polished_blackstone_bricks":13,"minecraft:cherry_trapdoor":1,"minecraft:dispenser":1,"minecraft:polished_blackstone_brick_stairs":2,"minecraft:cornflower":10,"minecraft:mutton":5,"minecraft:crimson_roots":11,"minecraft:coast_armor_trim_smithing_template":1,"minecraft:amethyst_shard":26,"minecraft:axolotl_bucket":4,"minecraft:polished_blackstone_bricks":16,"minecraft:birch_log":4,"minecraft:gold_ingot":331,"minecraft:gravel":175,"minecraft:crimson_fungus":3,"minecraft:blackstone":59,"minecraft:spyglass":2,"minecraft:mangrove_roots":1,"minecraft:diamond_shovel":2,"minecraft:carrot":60,"minecraft:chiseled_stone_bricks":3,"minecraft:poppy":54,"minecraft:trident":1,"minecraft:gunpowder":61,"minecraft:acacia_slab":20,"minecraft:chest":9,"minecraft:powered_rail":15,"minecraft:basalt":9,"minecraft:iron_bars":2,"minecraft:arrow":44,"minecraft:scaffolding":26,"minecraft:quartz":119,"minecraft:oak_leaves":197,"minecraft:netherrack":2202,"minecraft:water_bucket":9,"minecraft:stone_hoe":3,"minecraft:bread":16,"minecraft:oak_slab":2,"minecraft:stripped_spruce_log":1,"minecraft:mossy_cobblestone":65,"minecraft:minecart":10,"minecraft:diamond_leggings":2,"minecraft:poisonous_potato":1,"minecraft:mangrove_propagule":1,"minecraft:lead":5,"minecraft:spectral_arrow":158,"minecraft:copper_ingot":4,"minecraft:grass_block":1,"minecraft:stick":103,"minecraft:iron_block":82,"minecraft:diorite":18,"minecraft:brewing_stand":1,"minecraft:torch":16,"minecraft:melon_slice":6,"minecraft:iron_door":3,"minecraft:fire_charge":11,"minecraft:iron_leggings":5,"minecraft:flowering_azalea":3,"minecraft:iron_axe":15,"minecraft:pink_petals":7,"minecraft:tripwire_hook":5,"minecraft:bucket":3,"minecraft:dandelion":25,"minecraft:redstone":75,"minecraft:anvil":1,"minecraft:kelp":7,"minecraft:warped_nylium":2,"minecraft:oak_trapdoor":3,"minecraft:nether_wart":20,"minecraft:blaze_rod":7,"minecraft:raw_copper":16,"minecraft:tuff":3,"minecraft:raw_iron":14,"minecraft:wither_skeleton_skull":1,"minecraft:iron_hoe":2,"minecraft:totem_of_undying":17,"minecraft:flint_and_steel":3,"minecraft:netherite_leggings":2,"minecraft:deepslate_bricks":8,"minecraft:filled_map":3,"minecraft:shield":2,"minecraft:diamond_chestplate":4,"minecraft:orange_terracotta":9,"minecraft:iron_chestplate":5,"minecraft:andesite":24,"minecraft:oak_boat":4,"minecraft:oak_sapling":6,"minecraft:golden_sword":1,"minecraft:birch_sign":1,"minecraft:stripped_cherry_log":2,"minecraft:diamond_boots":1,"minecraft:spruce_log":3,"minecraft:stone_pickaxe":2,"minecraft:wooden_pickaxe":4,"minecraft:raw_gold":1,"minecraft:magma_cream":12},"minecraft:custom":{"minecraft:interact_with_crafting_table":294,"minecraft:open_barrel":36,"minecraft:bell_ring":313,"minecraft:leave_game":96,"minecraft:time_since_death":1745536,"minecraft:damage_blocked_by_shield":3237,"minecraft:play_time":3702613,"minecraft:deaths":15,"minecraft:jump":92413,"minecraft:enchant_item":21,"minecraft:interact_with_furnace":123,"minecraft:traded_with_villager":96,"minecraft:sleep_in_bed":27,"minecraft:damage_dealt":206005,"minecraft:interact_with_smoker":85,"minecraft:inspect_dispenser":6,"minecraft:horse_one_cm":132918,"minecraft:interact_with_smithing_table":19,"minecraft:interact_with_anvil":49,"minecraft:inspect_hopper":6,"minecraft:sneak_time":178847,"minecraft:interact_with_blast_furnace":36,"minecraft:total_world_time":3702613,"minecraft:interact_with_stonecutter":10,"minecraft:time_since_rest":3632,"minecraft:swim_one_cm":1093174,"minecraft:fly_one_cm":22927170,"minecraft:open_chest":2186,"minecraft:fall_one_cm":1901298,"minecraft:animals_bred":13,"minecraft:sprint_one_cm":9721293,"minecraft:drop":1276,"minecraft:talked_to_villager":989,"minecraft:interact_with_brewingstand":17,"minecraft:walk_on_water_one_cm":257681,"minecraft:open_enderchest":11,"minecraft:interact_with_beacon":11,"minecraft:player_kills":2,"minecraft:crouch_one_cm":704067,"minecraft:mob_kills":1930,"minecraft:climb_one_cm":516739,"minecraft:walk_one_cm":6350903,"minecraft:raid_win":9,"minecraft:walk_under_water_one_cm":576894,"minecraft:boat_one_cm":409133,"minecraft:raid_trigger":32,"minecraft:damage_taken":37933,"minecraft:damage_absorbed":161,"minecraft:aviate_one_cm":1969708},"minecraft:crafted":{"minecraft:smooth_stone":1,"minecraft:oak_sign":9,"minecraft:chain":41,"minecraft:blaze_powder":18,"minecraft:oak_pressure_plate":1,"minecraft:lever":2,"minecraft:bookshelf":5,"minecraft:cooked_mutton":13,"minecraft:shulker_box":1,"minecraft:iron_bars":16,"minecraft:quartz_block":197,"minecraft:glass":115,"minecraft:repeater":2,"minecraft:diamond_helmet":2,"minecraft:netherite_boots":1,"minecraft:iron_door":3,"minecraft:acacia_fence":3,"minecraft:deepslate":2,"minecraft:emerald":53,"minecraft:cooked_porkchop":40,"minecraft:diamond_axe":1,"minecraft:acacia_slab":138,"minecraft:copper_ingot":16,"minecraft:campfire":2,"minecraft:lectern":5,"minecraft:iron_pickaxe":7,"minecraft:iron_block":155,"minecraft:gold_ingot":271,"minecraft:netherite_ingot":7,"minecraft:composter":5,"minecraft:stone_shovel":1,"minecraft:jukebox":1,"minecraft:iron_nugget":18,"minecraft:spyglass":1,"minecraft:bone_meal":6,"minecraft:white_carpet":30,"minecraft:diamond":36,"minecraft:ladder":36,"minecraft:stone_pickaxe":4,"minecraft:diamond_boots":1,"minecraft:dark_oak_planks":36,"minecraft:wheat":355,"minecraft:crossbow":1,"minecraft:netherite_pickaxe":1,"minecraft:deepslate_brick_slab":192,"minecraft:blue_bed":1,"minecraft:acacia_stairs":112,"minecraft:enchanted_book":32,"minecraft:white_stained_glass":8,"minecraft:oak_fence_gate":1,"minecraft:golden_apple":6,"minecraft:birch_trapdoor":40,"minecraft:iron_shovel":5,"minecraft:iron_leggings":1,"minecraft:white_bed":3,"minecraft:oak_planks":860,"minecraft:dark_oak_boat":1,"minecraft:lightning_rod":5,"minecraft:cobblestone_stairs":4,"minecraft:stone":3,"minecraft:warped_planks":28,"minecraft:hopper":8,"minecraft:bow":1,"minecraft:iron_boots":1,"minecraft:chest":26,"minecraft:netherite_helmet":2,"minecraft:oak_button":1,"minecraft:netherite_upgrade_smithing_template":12,"minecraft:rail":32,"minecraft:stone_hoe":1,"minecraft:ender_eye":18,"minecraft:oak_fence":3,"minecraft:golden_boots":1,"minecraft:oak_slab":96,"minecraft:arrow":176,"minecraft:crafting_table":14,"minecraft:spruce_planks":282,"minecraft:iron_helmet":1,"minecraft:wooden_pickaxe":1,"minecraft:baked_potato":215,"minecraft:gold_block":2,"minecraft:dispenser":1,"minecraft:spruce_trapdoor":126,"minecraft:book":2,"minecraft:iron_chestplate":1,"minecraft:paper":258,"minecraft:diamond_pickaxe":1,"minecraft:emerald_block":65,"minecraft:shield":2,"minecraft:stick":212,"minecraft:iron_ingot":61,"minecraft:andesite_stairs":4,"minecraft:stone_sword":1,"minecraft:redstone_torch":9,"minecraft:shears":4,"minecraft:polished_andesite":4,"minecraft:tripwire_hook":2,"minecraft:netherite_sword":1,"minecraft:furnace":3,"minecraft:stone_button":2,"minecraft:piston":9,"minecraft:oak_trapdoor":116,"minecraft:flint_and_steel":7,"minecraft:scaffolding":128,"minecraft:netherite_leggings":1,"minecraft:iron_axe":12,"minecraft:iron_hoe":1,"minecraft:netherite_scrap":28,"minecraft:birch_sign":3,"minecraft:minecart":8,"minecraft:cooked_beef":12,"minecraft:diamond_sword":3,"minecraft:powered_rail":6,"minecraft:iron_sword":1,"minecraft:mangrove_planks":4,"minecraft:bucket":14,"minecraft:stone_axe":6,"minecraft:air":0,"minecraft:bread":101,"minecraft:jungle_planks":36,"minecraft:blue_dye":1,"minecraft:oak_boat":5,"minecraft:white_dye":6,"minecraft:anvil":2,"minecraft:coast_armor_trim_smithing_template":20,"minecraft:acacia_planks":320,"minecraft:torch":20,"minecraft:firework_rocket":192}},"DataVersion":3839}